Predicted,Actual,Video_Name
a vaccum lifting floor boston one who and , . it he out back get rotating, a man holds onto a moving chain .,O9cOSO9L8Zs_1_16.avi
a peeled chopped chopping chops onions over of its removing showing sharpening, a men cuting a chiken,kEGmZDpZ_RE_352_370.avi
a spooning pasta sauce eggplant spaghetti pizza, the man is shaking the plastic container .,8MVo7fje_oE_139_144.avi
a the chinese martial spun gave 2 are black ride fat young and while just they were bick terrace floor freestyle, a player strikes a home run .,F3pmw2ga244_59_65.avi
a tasting spreads cakes are very, a man is draining some pasta .,8MVo7fje_oE_139_144.avi
a peeled onions in vegetables cooked all recpie choping, a woman is chopping garlic .,kEGmZDpZ_RE_352_370.avi
a the a two over with, a horse and rider are running a fence jumping course .,onW5hJXnI5s_10_16.avi
a the this a cat boy girl young two freestyle, that batsman scored a perfect home run,F3pmw2ga244_59_65.avi
a repairing slice a small the flies sharpens s spun hand his her she, a person is drawing a picture .,xOQn1z_oWDY_30_39.avi
a removing chopping coriander cabbage the this is very two three one woman person skin cat sushi sharpens shrimps prawns bhaji choping, somebody is cutting vegetables .,kEGmZDpZ_RE_352_370.avi
a trashcan, a man walks down a staircase .,FH8vgAp4VDU_10_14.avi
a seasoning roast quail ribs his he being the of, a man explaining how to make buttermilk fried chicken,uxEhH6MPH28_69_85.avi
a doberman pinscher, the little girl sat up in bed after waking up .,lB1UPJ4leqs_1_6.avi
a nabeyaki choping onions, someone is slicing broccoli .,aeA-HN7BMdo_34_41.avi
a a another one two four three in from several traditional pogo rc strong, two men are fighting and they get help from two friends .,qDjtN7xxNr4_44_51.avi
a rider rode walk bike rides dirt a another one two three they well and , is being, a woman riding a horse jumps over a bar .,onW5hJXnI5s_10_16.avi
a hammer hand someone he in bunny plays hits demo piece pieces repairing removing chopping cutting slicing, anyone is making cartoonn,xOQn1z_oWDY_30_39.avi
a a aluminum machine trying man woman garbage cans cleaner can do doing clean dancing walking bike bag off up pulling backwards chimps, a man swings on the wire that is hanging from the ceiling .,O9cOSO9L8Zs_1_16.avi
a man person one powder machine banana some wiping draw round out up off bottom surface, a man is demonstrating the sharpness of different types of knives .,WPG-BIWOrG4_608_613.avi
a this it . there they being very fat young some around from into out off, a batter hits a baseball .,F3pmw2ga244_59_65.avi
a kicking rain gave over on fat ride bottle freestyle, the batsmen hits the ball for a home run,F3pmw2ga244_59_65.avi
a sushi kitten boy monkey mouth eye man being by peeled, one man is removing something,SzEbtbNSg04_28_48.avi
a trashcan skateboarder lifting misty . very is are like can floor through out off back clean cleaning lifts vacuum treadmills strong aluminum cart, a man is swinging from a chain in a garage .,O9cOSO9L8Zs_1_16.avi
a ladles broth wok fried chicken soup some about eggs cooks cooking food rice making putting showing scrambled temaki, someone stirs a cup of liquid .,aC-KOYQsIvU_25_31.avi
a baby couple two have men people working is of through, two men are talking .,ul9Xvjt83eI_111_120.avi
a a hammer hit hits flies off from some repairing, a man is making drawing,xOQn1z_oWDY_30_39.avi
a kisses kicking marching watching on down to, a man is marrying a woman .,rq2p5ML8-WI_63_69.avi
a a two kicking playing play plays football manadhu, a man put a necklace around a woman s neck .,rq2p5ML8-WI_63_69.avi
a, a chef is chopping a vegetable .,ACOmKiJDkA4_47_54.avi
a a slicing cubes drawer pulls, a man is throwing a tomato at a knife to cut it in half .,WPG-BIWOrG4_608_613.avi
a lifting showing the in office cans trashcan cleaner and are many can walk rotating, a man is swinging from a rope attached to the ceiling .,O9cOSO9L8Zs_1_16.avi
a in from the which it something very being looking two with and of monkey somebody gets baby girls boys kids kid slice, the person is doing the something,SzEbtbNSg04_28_48.avi
a waltham aluminum two over the floor room pushups vaccum bad, a man swings across the room on a chain .,O9cOSO9L8Zs_1_16.avi
a stupid kid boy pulling rooftop climbing jumping stunts things like are very cycle drags pushes pushing sliding falling down up slid pipe, the man slid down the flag pole .,UnWgz-mVMXU_2_6.avi
a in into out they are do stunts, a young couple singing and dancing,sBjr8UJOpsQ_149_169.avi
a green as the this in dicing cilantro onions spinning, a cook is cutting a vegetable to made very small pieces .,ACOmKiJDkA4_47_54.avi
a herbs of tiny, the person is cutting the onion leaf into fine pieces .,ACOmKiJDkA4_47_54.avi
a sprinkling a another, a man is sprinkling spices on chicken .,uxEhH6MPH28_69_85.avi
a slicing half, the man threw the tomatoe on the knife to slice it .,WPG-BIWOrG4_608_613.avi
a given that the one two over of its, a girl is wakening from sleep .,lB1UPJ4leqs_1_6.avi
a boiled green a slicing dices cilantro that which potatoe coriander onion egg cake dish, a chef cutting vegetables .,ACOmKiJDkA4_47_54.avi
a temaki cooks, a person is mixing a small pan .,aC-KOYQsIvU_25_31.avi
a vegetables cooked eggplant scales wire sheet monkey pencil is it this being someone anyone cilantro they how bones bhaji sharpens potatoe shrimps herbs leaves herb cabbage lunch cans bushes hamburgers chops, a woman is chopping up garlic .,kEGmZDpZ_RE_352_370.avi
a nabeyaki seaweed beans udon sharpens, the lady cut up broccoli .,aeA-HN7BMdo_34_41.avi
a two four sliced knife a this peeling cooked powder being coriander recpie omurice, a lady is chopping the fresh garlic,kEGmZDpZ_RE_352_370.avi
a  kicking playing enjoying dancing kissing two criss treadmills, a man puts a necklace around a woman s neck and the people around them cheer .,rq2p5ML8-WI_63_69.avi
a the quails quail two one roast roasted ribs being cooked are all . , there they, someone trying to cook the buttermilk fried chicken .,uxEhH6MPH28_69_85.avi
a two, two men are discussing each other .,ul9Xvjt83eI_111_120.avi
a karate ball a another one two players broken knocked freestyle, a baseball player is hitting a home run .,F3pmw2ga244_59_65.avi
a in he city, a man is walking down stairs .,FH8vgAp4VDU_10_14.avi
a parrot bird falls , high slides climbs drags, the man jumped to a pole from the roof of a building .,UnWgz-mVMXU_2_6.avi
a bread eats . there some of the appears in large plastic ball liner hamburgers ate frying pan, a person is peeling shrimp .,SzEbtbNSg04_28_48.avi
a kisses indian the girls girl actress two having enjoying kicking dancing kids kid shetty, a man puts a necklace on a woman .,rq2p5ML8-WI_63_69.avi
a high climbing escalator the its, a man jumps off a roof .,UnWgz-mVMXU_2_6.avi
a ditch a bicycle, a man is jumping down with the help of a pole .,UnWgz-mVMXU_2_6.avi
a crawling eating ate somebody someone something cute monkey cat rabbit bear animal holds , and of its shoe phone video camera slicing licking, someone is petting a lemur .,AE9UaQwum8c_0_10.avi
a rode walked walking ride rides tricks dirt, a man is riding a horse .,onW5hJXnI5s_10_16.avi
a descaling weird sharpening chopping peeling eggplant gere udon bento nabeyaki choping temaki thereafter chops, a cook is chopping a mushroom .,kEGmZDpZ_RE_352_370.avi
a demonstration onions boiled beans vegetables dices udon jalapeno icing dicing coriander rabbit monkey box the diced cucumber . it this tofu, a cook slices and dices a green onion .,ACOmKiJDkA4_47_54.avi
a repairing wiping slowly slicing some hits hit when peeled, a person is drawing a cartoon character .,xOQn1z_oWDY_30_39.avi
a baby tiny monkey phone someone gets kid fox petting get they looking sitting talking eating eat vegetables sharpening, a person is tickling an animal .,AE9UaQwum8c_0_10.avi
a gave its, playing base ball,F3pmw2ga244_59_65.avi
a one a staircase, a man is jumping on a pillar and fell down .,UnWgz-mVMXU_2_6.avi
a fight there . room gym bag car someone trashcan, someone swinging on a chain .,O9cOSO9L8Zs_1_16.avi
a there but it this the in into through and with two walking walk can very bucket down up hand him he city, a man is going down using steps .,FH8vgAp4VDU_10_14.avi
a the its an another a driveway throws, a white man fall from roof,UnWgz-mVMXU_2_6.avi
a actress two three several in this it . many jumps dancing swimming, a man and a woman dance in front of a waterfall .,sBjr8UJOpsQ_149_169.avi
a spaghetti griddle slices, cooking with jack show making fasta pasta .,8MVo7fje_oE_139_144.avi
a area is are like off on from, a person on a horse is jumping hurdles .,onW5hJXnI5s_10_16.avi
a aluminum office house floor room gym puppy garbage, a guy is playing in the room .,O9cOSO9L8Zs_1_16.avi
a man roti wedges, a man is moving a box .,8MVo7fje_oE_139_144.avi
a van slid halfpipe drags biker miniature bike rides tricks, a man is falling from a roof while he tries to climb down through a flagpole .,UnWgz-mVMXU_2_6.avi
a wok a this, a person is stirring a liquid in a pan .,aC-KOYQsIvU_25_31.avi
a sport gave a another one person player of its to they ride martial kick freestyle, play in pace ball,F3pmw2ga244_59_65.avi
a baby kitten a something get looking he when being young for with up to, a person plays with a lemur .,AE9UaQwum8c_0_10.avi
a as rider one another an this is it he rode riding walking dirt ride rides cute skateboarding, a man is jumping a horse .,onW5hJXnI5s_10_16.avi
a costume cute dancing singing a costumed two four some people young baby boys girls soccer, fighting for succes,qDjtN7xxNr4_44_51.avi
a steak salmon fish from ingrediants, a person is cooking something .,aC-KOYQsIvU_25_31.avi
a monkey kid somebody gets baby panda most they are crying ate eating, a person is petting a baby sloth .,AE9UaQwum8c_0_10.avi
a martial, a player scores six in a match .,F3pmw2ga244_59_65.avi
a a one that aluminum chi, the man swung from a rope .,O9cOSO9L8Zs_1_16.avi
a is being again when then through of repairing nabeyaki, the artist drew the character lucy from peanuts .,xOQn1z_oWDY_30_39.avi
a quails roast chicken meat fish, chicken pieces are being coated with spices and tossed in a bowl .,uxEhH6MPH28_69_85.avi
a cured the quails, raw chicken , in a bowl , is being seasoned .,uxEhH6MPH28_69_85.avi
a cute nice sliding slowly . there some them out off on taking trying someone man woman slides jumps, a man is talking to another man .,ul9Xvjt83eI_111_120.avi
a two kisses girls boys boy advertisement kicking, a man is putting a necklace on a woman .,rq2p5ML8-WI_63_69.avi
a nabeyaki choping, a woman is cutting broccoli .,aeA-HN7BMdo_34_41.avi
a quails lemon pork roasted seasoned wings two four one the this in into onto, how to make a butter milk fried chicken,uxEhH6MPH28_69_85.avi
a onions sliced the removing cleaning chopping vegetables cooked skin monkey weird pencil two small very sauce to them tail an for scaling nabeyaki, a person is cutting garlic into pieces with a knife .,kEGmZDpZ_RE_352_370.avi
a sliced onions boiled parsley peeled tofu icing choping, choping vagitable,ACOmKiJDkA4_47_54.avi
a kicking two three four several some costumed costume pogo dancing dance danced in he man woman girl boy boys kids tricks, a group of boys gets into a fight .,qDjtN7xxNr4_44_51.avi
a removing of the potatos weird somebody something herbs sharpens, a man cutting mushroom in to pieces .,kEGmZDpZ_RE_352_370.avi
a trashcan the its, the man is walking,FH8vgAp4VDU_10_14.avi
a some eggs batter cooks cooking wok skillet stirring broth boiling frying, a person is stirring sodium acetate in a pan .,aC-KOYQsIvU_25_31.avi
a opened a the, a man splits open a tomato .,WPG-BIWOrG4_608_613.avi
a a is it this in of floor house and cat boy girl woman lifting machine dancing cleaner, a man is swinging on a rope .,O9cOSO9L8Zs_1_16.avi
a costume a another, boys fight .,qDjtN7xxNr4_44_51.avi
a two skull monkey kid boy angel little girls women woman man kisses colored blue richard actress airtel ladies sat streets beach peoples theï»¿, a scene from an asian film .,rq2p5ML8-WI_63_69.avi
a bhaji griddle peeled chopped, the man shook the rest of the marinade into the sink !,8MVo7fje_oE_139_144.avi
a cuting its the a for looking talk butcher boy lays gives wake wall sits sitting talked talking laying off phone, the baby is sleeping,lB1UPJ4leqs_1_6.avi
a a to trying, a man playing with animal .,AE9UaQwum8c_0_10.avi
a trashcan bathing, two men are talking to each other .,ul9Xvjt83eI_111_120.avi
a skillet the of about, a video on how to make hot ice crazy,aC-KOYQsIvU_25_31.avi
a nabeyaki parsley onion a cilantro, a men cooking with dog,aeA-HN7BMdo_34_41.avi
a flies fish food vegetables in of repairing for, a person is drawing cartoon characters .,xOQn1z_oWDY_30_39.avi
a hammer again he flies from out up off catching tape video demo somebody someone repairing, someone is drawing a cartoon .,xOQn1z_oWDY_30_39.avi
a some little cute girl baby slides jumps and with two four railing sliding cage sword criss, two men are talking in front of a fountain .,ul9Xvjt83eI_111_120.avi
a course i he his a another an its the in, someone is riding a horse and jumping hurdles .,onW5hJXnI5s_10_16.avi
a hurdles, a jockey is riding a horse through an obstacle course .,onW5hJXnI5s_10_16.avi
a temaki, someone is stirring something in a pot .,aC-KOYQsIvU_25_31.avi
a crawling chopping washing climbing cutting pulling slicing, a man is cutting tomato .,WPG-BIWOrG4_608_613.avi
a the of a cute bottle baby slides, the thevar magan was the wonderful tamil movie,ul9Xvjt83eI_111_120.avi
a a dish any it little small large poured into sand cloth girl boy monkey boiled looked they like fish eating cooking cleaning frying, the man is peeling shrimp .,SzEbtbNSg04_28_48.avi
a the in a sliding roof controlled bathing skating jumps rooftop barbed childrens, a man and woman are dancing outside .,sBjr8UJOpsQ_149_169.avi
a there some of the an, a dishevelled man walks down narrow stairs,FH8vgAp4VDU_10_14.avi
a through of the front film it this there . soda down up jumps walks walking riding enjoying trashcan sword monkey boy girl baby couple two young and who him something bottle enclosure tamil, a person is step down .,FH8vgAp4VDU_10_14.avi
a baby girl boy plane taking on, sivaji is talking to kamal hassan in a film sequence .,ul9Xvjt83eI_111_120.avi
a nabeyaki onion cabbage parrot boxed descaling racipe, a woman is cutting up some brocoli .,aeA-HN7BMdo_34_41.avi
a peeled skillet the one slice sliced describe something like plastic cigarette vaccination, a man is peeling shrimp .,SzEbtbNSg04_28_48.avi
a, two men are talking .,ul9Xvjt83eI_111_120.avi
a who him boy movie it this in as , . down roof ride bike walking dancing singing bathing swimming, a man and woman dance near waterfalls .,sBjr8UJOpsQ_149_169.avi
a fence hurdles in area this is it . sneaks jumps across through back to, the horse and rider jumped over hurdles .,onW5hJXnI5s_10_16.avi
a hurdles . , area, a young man riding a horse .,onW5hJXnI5s_10_16.avi
a parsley onion the this is dicing herbs attractively cilantro pin nabeyaki, a girl preparing food,ACOmKiJDkA4_47_54.avi
a in several two who young people are movie cute bathing dancing singing girl girls tricks, karthick and thamana were dancing .,sBjr8UJOpsQ_149_169.avi
a azun, a man is swinging on a rope .,O9cOSO9L8Zs_1_16.avi
a nabeyaki, a chef dicing scallions .,ACOmKiJDkA4_47_54.avi
a leafy, a man chops scallions .,ACOmKiJDkA4_47_54.avi
a spaghetti a tasting, the person is cooking the something,8MVo7fje_oE_139_144.avi
a halfpipe stupid kid funny like there some but beak parrot cat bicycle bike rides pushes cycle escalator ladder, a man jumps off a roof onto a pole and slides down .,UnWgz-mVMXU_2_6.avi
a in this it little getting good like hard playing hits off slices, a person is peeling shrimp .,SzEbtbNSg04_28_48.avi
a wiping cardboard box machine using making make slice man men open surface, a man drops a tomato over a knife .,WPG-BIWOrG4_608_613.avi
a monkey kid boy girl baby two small large some around chews gives bear somebody eat food eating ate sharpening, the lemur is being tickled under the arms .,AE9UaQwum8c_0_10.avi
a cilantro onions descaling, a woman is cutting a stalk of broccoli into small pieces .,aeA-HN7BMdo_34_41.avi
a stove a this, a man is cooking something in a pan .,aC-KOYQsIvU_25_31.avi
a opened hammer box cardboard cubes eggrolls, the man dropped the tomatoe onto the knife to slice it .,WPG-BIWOrG4_608_613.avi
a sprinkling the roasted, some kind of unique chicken recipe with buttermilk is to be cooked .,uxEhH6MPH28_69_85.avi
a stirred skillet broth pour pan, a person is stirring a mixture .,aC-KOYQsIvU_25_31.avi
a hammer cigarette, the person is draw the figure,xOQn1z_oWDY_30_39.avi
a any some small very being one that it something looking two frozen eggrolls bread eat fish eating cooking kitchen tree bag pieces piece cat, a person is peeling shrimp .,SzEbtbNSg04_28_48.avi
a rabbit monkey scaled, a woman is chopping broccoli with a knife .,aeA-HN7BMdo_34_41.avi
a murphy, a couple of marriage,rq2p5ML8-WI_63_69.avi
a given one two looking man someone somebody talk doll lays on off getting stomach underwater, a girls wakes up from bed .,lB1UPJ4leqs_1_6.avi
a cans car one group another an man who out down to, a man is swinging on a chain .,O9cOSO9L8Zs_1_16.avi
a jerry he opened opens a is slicing packaging machine monkey cat lady woman girl knife someone something need butter cheese powder pizza climbing, a man drops a tomato on a knife to slice it .,WPG-BIWOrG4_608_613.avi
a peeled peeling describe something good any this appears s fresh surgeons bread food cooking cleaning tries put out off down, a man is cleaning a shrimp .,SzEbtbNSg04_28_48.avi
a sprinkling, chicken roast is getting ready .,uxEhH6MPH28_69_85.avi
a drags cycle beak, a young man is sliding down a pole from a roof .,UnWgz-mVMXU_2_6.avi
a toaster pizza dinner bag plastic plate slice spreads ladles crust, a man shakes a plastic container .,8MVo7fje_oE_139_144.avi
a parrot ditch ledge, a man is sliding down a pole .,UnWgz-mVMXU_2_6.avi
a cilantro coriander parsley attractively choping, a woman is slicing cauliflower .,aeA-HN7BMdo_34_41.avi
a drags pushes falls ramp climbing, a man jumps off the rooftop of a building , slides down on a flag pole ahead of it and falls on the ground .,UnWgz-mVMXU_2_6.avi
a in hit hits flies . , he guy somebody snow powder a another, a person draws a peanuts cartoon character .,xOQn1z_oWDY_30_39.avi
a quails seasoned seasonings cooked cooking flour the cured meat fish . , and, someone is seasoning chicken pieces in a bowl .,uxEhH6MPH28_69_85.avi
a nabeyaki herbs she woman body fine piece, the man is chopping spring onion into fine bits .,ACOmKiJDkA4_47_54.avi
a cooler garbage into then to the its, a man walking down the stairs .,FH8vgAp4VDU_10_14.avi
a rc dancing walking singing, a man and woman are dancing in the water .,sBjr8UJOpsQ_149_169.avi
a soda bike dirt, a man is coming downstairs .,FH8vgAp4VDU_10_14.avi
a a two with by walking dirt woods around up down to, a man walking downstairs from some kind of cave .,FH8vgAp4VDU_10_14.avi
a parrot bike hunter beak a another that there like staircase pipe it . he his, stupid man trying to slide down a pole from the terrace and falls .,UnWgz-mVMXU_2_6.avi
a the of some slides baby cute jumps, men are arguing .,ul9Xvjt83eI_111_120.avi
a sprinkling lemon container a another, the man is prepareing buttermilk fried chicken,uxEhH6MPH28_69_85.avi
a but there like staircase beak bicycle bike climbing falling sliding ledge ramp escalator slides falls high in van stunt, a man jumps off the roof and falls to the ground .,UnWgz-mVMXU_2_6.avi
a mascara little it any some sand ball box monkey from into out up to, someone , standing at a sink , is peeling raw shrimp with their fingers and putting the peels in a small plastic container .,SzEbtbNSg04_28_48.avi
a two for a small large monkey cubs, someone is tickling a cute exotic animal .,AE9UaQwum8c_0_10.avi
a baby girl boy man someone phone muddy, a child is waking up .,lB1UPJ4leqs_1_6.avi
a lifted lay office house a is very can does fight empty by using bottles ledge, man swinging on a rope .,O9cOSO9L8Zs_1_16.avi
a spaghetti in ladling, a man is making the souse,8MVo7fje_oE_139_144.avi
a nabeyaki, the woman is cutting broccoli .,aeA-HN7BMdo_34_41.avi
a one a this, a young man is get down from the steps .,FH8vgAp4VDU_10_14.avi
a is for an its to phone by two one four young looking trying up out into through, the person scratched the monkey s arm pits !,AE9UaQwum8c_0_10.avi
a spun through, two men are talking .,ul9Xvjt83eI_111_120.avi
a lay floor room house the moonwalk floors men man woman one two full ledge lies, a man is swinging to and fro on a rope in a store room as loud noises are heard in the background .,O9cOSO9L8Zs_1_16.avi
a quails flour fish meat eating, a man is putting seasoning on several pieces of chicken .,uxEhH6MPH28_69_85.avi
a into inside box a is being, two men are talking in a building during a rain shower .,ul9Xvjt83eI_111_120.avi
a bunny cute like out into through of the crying peeling, someone is scratching an animals belly .,AE9UaQwum8c_0_10.avi
a roasted quail roast a container, a cook is seasoning raw chicken in a bowl .,uxEhH6MPH28_69_85.avi
a onions chopping peeling a green and dices, a man is slicing green onion .,ACOmKiJDkA4_47_54.avi
a a another one costumed some traditional kicking boy costume, a stranger is fighting with group of young guys .,qDjtN7xxNr4_44_51.avi
a otter, the man is swinging on the chain .,O9cOSO9L8Zs_1_16.avi
a somebody guy hammer box a is being repairing, an artist drew a cartoon of lucy .,xOQn1z_oWDY_30_39.avi
a cooked weird something someone woman knife chef recipe how they fish skin flesh noodles sharpening, a person is cutting chicken .,kEGmZDpZ_RE_352_370.avi
a cassidy motorcycle sport, the men are play cricket,F3pmw2ga244_59_65.avi
a carries rides pushes drags beak high driveway bike, a man falling off from roof .,UnWgz-mVMXU_2_6.avi
a repairing cleaning washing chopping slicing catching hits off flies fish, a man is drawing .,xOQn1z_oWDY_30_39.avi
a a one two three four who he his, the man and woman are dancing .,sBjr8UJOpsQ_149_169.avi
a kicking a is, men drop each other to the ground .,qDjtN7xxNr4_44_51.avi
a hammer whale slice slices flies hits some catching, a person is drawing a picture .,xOQn1z_oWDY_30_39.avi
a a another one hammer flies sea fish laughing talking doing nabeyaki, someone is doing an art .,xOQn1z_oWDY_30_39.avi
a peoples kisses kicking playing football club old, a man puts a necklace on a woman .,rq2p5ML8-WI_63_69.avi
a nabeyaki parsley peeled coriander cucumber demonstration dish descaling parrot, a woman first cuts the stem and then chops a broccoli flowerette into smaller pieces .,aeA-HN7BMdo_34_41.avi
a wall the its, a girl is waking up from bed .,lB1UPJ4leqs_1_6.avi
a parrot boston it there . high in through then ball box stunt carries falls pushes cleans jumps slides ladder slide, a guy falls after a failed attempt of sliding down a flagpole .,UnWgz-mVMXU_2_6.avi
a two one the of through across in fence dirt rode riding, a horse is jumping hurdles .,onW5hJXnI5s_10_16.avi
a hammer served he, someone is sketching cartoon characters .,xOQn1z_oWDY_30_39.avi
a opened opening the cooler freezer cardboard monkey surgeons kitchen cleaning washing cooking own up to used using chef, the man is slicing a tomato .,WPG-BIWOrG4_608_613.avi
a one, a person is riding a horse on a ground as it jumps across an obstacle .,onW5hJXnI5s_10_16.avi
a two four one another the this an it is colored scene movie bathing walking someone jumps pushes ride walk keyboard, a man and a woman are dancing in front of a waterfall .,sBjr8UJOpsQ_149_169.avi
a arena in for, the girl is hoers riding,onW5hJXnI5s_10_16.avi
a several were the forest girls dancing singing talking walking walk ride rides, the couple are dancing .,sBjr8UJOpsQ_149_169.avi
a, two men are having a conversation as it is raining in the background .,ul9Xvjt83eI_111_120.avi
a freestyle, teams playing baseball .,F3pmw2ga244_59_65.avi
a cilantro, chef cutting asparagus to prepare onigiri .,ACOmKiJDkA4_47_54.avi
a baby boy man one a is being an for some little decorated cloth bathing flying slid went he have their, two men are talking .,ul9Xvjt83eI_111_120.avi
a in for a another one two of through into out up down off 2 soda rides dirt tricks, a man is walking .,FH8vgAp4VDU_10_14.avi
a the its an through into out it is very there but he who young boy girl cute bucket hammer woods walking dancing soda dirt jungle singing talking doing tricks, a man is walking downstairs in a dimly lit brick building .,FH8vgAp4VDU_10_14.avi
a nabeyaki herbs vegetables beans scaled cutting cut cuts removes, the lady is cooking with the dog .,aeA-HN7BMdo_34_41.avi
a in moving a another something someone jumps dance, a man and woman dance in front of a waterfall .,sBjr8UJOpsQ_149_169.avi
a a small tiny machine noodle sushi chef someone person slicing chopping chops, the video shows how to prepare onigiri ( japanese rice balls ),ACOmKiJDkA4_47_54.avi
a gere criss airtel, a man is putting a necklace on a woman .,rq2p5ML8-WI_63_69.avi
a soda, the man is walking down the stairs .,FH8vgAp4VDU_10_14.avi
a opposite sitting small a the, a person are playing with some animal .,AE9UaQwum8c_0_10.avi
a lemon roast quails sprinkling cured a uncooked, an illustration on preparing chicken .,uxEhH6MPH28_69_85.avi
a the lady cat cleaning vegetables chopping onions sliced somebody sharpens slicing slices off out nabeyaki hamburgers, a woman is slicing some tapioca .,kEGmZDpZ_RE_352_370.avi
a kisses blue a kicking playing played play little they people shetty, a man puts a necklace on a woman .,rq2p5ML8-WI_63_69.avi
a high climbing jumping pulling woods walking riding, a man is falling,UnWgz-mVMXU_2_6.avi
a coriander kittens once, scallions are being sliced .,ACOmKiJDkA4_47_54.avi
a tasting a sauce, the man shook the water from the container .,8MVo7fje_oE_139_144.avi
a costume stick keyboard moves pushes traditional, men are fighting .,qDjtN7xxNr4_44_51.avi
a peeled coriander somebody, a woman cutting up vegatables,aeA-HN7BMdo_34_41.avi
a the parsley cilantro herbs scales very onions pencil udon nabeyaki, a lady is chopping broccoli .,aeA-HN7BMdo_34_41.avi
a people were two they women girls girl boy kid movie funny something gere showering hugging airtel shetty sat kissed lovers dancing, a couple are getting married .,rq2p5ML8-WI_63_69.avi
a box machine powder up out packaging opened in is it storage cardboard showing slice dough baby girl boy knife she someone something cheese rolls close demonstration drawer, a man is throwing a tomato on a knife .,WPG-BIWOrG4_608_613.avi
a slice any an its the monkey shrimp baby child bread eating sushi, a man is peeling shrimp .,SzEbtbNSg04_28_48.avi
a wok broth this a another, someone is stirring a mixture above a fire .,aC-KOYQsIvU_25_31.avi
a  cute decorated very is enjoying watching i he she through out, two men are talking .,ul9Xvjt83eI_111_120.avi
a two with holding, masagining monky,AE9UaQwum8c_0_10.avi
a racipe cooked beans skin are being was prawns thereafter sharpens, garlic is being chopped .,kEGmZDpZ_RE_352_370.avi
a a ladled ingrediants ghayal, a person is stirring,aC-KOYQsIvU_25_31.avi
a seasoned roasted quails cured meat eating flour into onto, someone is seasoning chicken .,uxEhH6MPH28_69_85.avi
a nabeyaki, a woman is cutting up some brocolli .,aeA-HN7BMdo_34_41.avi
a is a another, a man puts a necklace on a woman .,rq2p5ML8-WI_63_69.avi
a man person one two four three shrimp chicken cat cleaning chopping dinner salad sushi sharpens skewer piece dices bhaji cabbage licking sharpening, easy chicken curry,kEGmZDpZ_RE_352_370.avi
a two four hits a an, the men are talking .,ul9Xvjt83eI_111_120.avi
a the this in wok broth salmon fish food vegetables cooking ingredients dish, showing how to make hot ice .,aC-KOYQsIvU_25_31.avi
a the, two persons are talking with each other,ul9Xvjt83eI_111_120.avi
a sliding firing talking walking sitting standing near, two men are talking .,ul9Xvjt83eI_111_120.avi
a being be a is it . bread milk water cleaning climbing applying, the lady peeled the shrimp .,SzEbtbNSg04_28_48.avi
a cute sliding a two into in from to, two men are talking while it rains outside .,ul9Xvjt83eI_111_120.avi
a in enjoying playing riding walking keyboard tricks, a man is walking down some stairs .,FH8vgAp4VDU_10_14.avi
a nabeyaki bento sushi japanese cleaning chopping slicing sliced tail sharpens dices lunch cooked skin pieces eggplant udon fryer, a woman is cutting garlic .,kEGmZDpZ_RE_352_370.avi
a . , he somebody, someone is petting a lemur .,AE9UaQwum8c_0_10.avi
a of some little very is in crying chopping meowing somebody someone something get looking sitting licking, a woman is stroking a lemur .,AE9UaQwum8c_0_10.avi
a temaki frying pan, a person is stirring water in a pan .,aC-KOYQsIvU_25_31.avi
a van slid down onto pushes drags jumps pulling pushing climbing jumping parrot carries rides cycle cycling stupid kid somebody someone ladder, a man is jumpfalling through a piller .,UnWgz-mVMXU_2_6.avi
a quail cured cooked flour and lemon red a is, someone baking chicken,uxEhH6MPH28_69_85.avi
a two rode riding sitting fence course walk ride rides dirt, a man is riding horse and jumping over obstacles .,onW5hJXnI5s_10_16.avi
a costume dancing are like stick kick traditional, men are fighting .,qDjtN7xxNr4_44_51.avi
a herbs onions sharpening nabeyaki herb comes removes, a woman is cutting broccoli using a knife .,aeA-HN7BMdo_34_41.avi
a like tea baby milk bread slice slicing hamburgers looked wiping pouring frying, a man is preparing shrimp to cook .,SzEbtbNSg04_28_48.avi
a box cardboard in opened crawling how something draw have two butter fixing pizza, a man slices a tomato in half .,WPG-BIWOrG4_608_613.avi
a is very cute slides computer video clip slide, two men are talking .,ul9Xvjt83eI_111_120.avi
a monkey knocked out cries . crying somebody kid cub, a person is pampering the pet animal .,AE9UaQwum8c_0_10.avi
a gere enjoying playing girls boys kids people they two ark when kissed kicking flute small very lovers kiss ride run, a man ties the sacred thread around the neck of a woman seated beside him in a wedding ceremony .,rq2p5ML8-WI_63_69.avi
a trashcan aluminum a one two cans up off out vacuum, a man is oscillating on a rope,O9cOSO9L8Zs_1_16.avi
a bicycle rifle boy cat handrail driveway ledge stupid clouds slides pipe ball like stunts railing miniature racing, a man jumps off a roof and slides down a flagpole .,UnWgz-mVMXU_2_6.avi
a the this it any very are making small large sand boy kid monkey cat airtel slicing sliced sticks border oil shrimp hamburger sushi, a man is ripping off the shell of a shrimp .,SzEbtbNSg04_28_48.avi
a quail, a prepared chicken dish ready for the eating .,uxEhH6MPH28_69_85.avi
a nabeyaki bal removing chopped peeled sliced slicing, a man chops up some garlic .,kEGmZDpZ_RE_352_370.avi
a spaghetti bag plate batter mayonnaise something someone potatos ladles roti griddle tasting cooked bread spreads washed thai japanese cakes pancake, a man is straining some noodles .,8MVo7fje_oE_139_144.avi
a two slides men people roof, a man approaches another man at a doorway .,ul9Xvjt83eI_111_120.avi
a peeled sliced chopped girls women showing removing of the onion shrimp small large and , prawns sharpens onions pencil tail cat dog, a person is chopping cloves of garlic .,kEGmZDpZ_RE_352_370.avi
a two one a kicking playing enjoying ride advertisement the airtel, a man is marrying a woman .,rq2p5ML8-WI_63_69.avi
a lifting its the in outside lies of some around cans cleaner otter he his him trashcan chimps floors lay feet, a man is playing with the rope .,O9cOSO9L8Zs_1_16.avi
a some them cooked potatoes descaling inserting removing racipe sharpens, a man is cutting something for preparing food,kEGmZDpZ_RE_352_370.avi
a halfpipe cycling bike walk beak a stupid, a man jumps off a roof onto a pole and falls to the ground .,UnWgz-mVMXU_2_6.avi
a nabeyaki bits pieces, a man cooking his kichen,aeA-HN7BMdo_34_41.avi
a onion box monkey, a woman is cutting a green onion into thin slices .,ACOmKiJDkA4_47_54.avi
a removing cleaning vegetables weird somebody box a very be how eggplant cilantro bushes descaling, a man is making chips with a knife .,kEGmZDpZ_RE_352_370.avi
a bunny kitten monkey cat rabbit belly ledge ate crying somebody someone get out up with and , meowing feeding fish animal food, the animal is being scratched under the arms .,AE9UaQwum8c_0_10.avi
a two one slides jumps cute are very but he when the of some people were, it s raining outside while two men are standing inside a glassed in area talking .,ul9Xvjt83eI_111_120.avi
a but very is pushes clouds halfpipe ladder, a man is jumping off a roof on to a pole , then sliding down and falling off of it .,UnWgz-mVMXU_2_6.avi
a cilantro cleans chopping chillies greens herbs tofu cubes suddenly somebody someone something icing spun, a man is chopping vegetables .,ACOmKiJDkA4_47_54.avi
a nabeyaki, a woman cuts up a stalk of broccoli .,aeA-HN7BMdo_34_41.avi
a bhaji the peeled, a chef dices an onion .,ACOmKiJDkA4_47_54.avi
a nabeyaki chopping cilantro herb green a onion, a woman is chopping a brocolli .,aeA-HN7BMdo_34_41.avi
a the a is, hero and heroin are dancing in a song sequence .,sBjr8UJOpsQ_149_169.avi
a a sliding sea trashcan, the man approached another man with a complaint .,ul9Xvjt83eI_111_120.avi
a the in this it is soda skateboard jumps walk walked dirt tricks, a man walks down stairs .,FH8vgAp4VDU_10_14.avi
a onions parsley nabeyaki, the lady chopped onions and broccoli .,aeA-HN7BMdo_34_41.avi
a the, dance in the rain,sBjr8UJOpsQ_149_169.avi
a spun freestyle, a baseball player hits a home run .,F3pmw2ga244_59_65.avi
a the in into out up hits hit flies wrench named peeled fingers, a man is drawing lucy from `` the peanut  comic strip .,xOQn1z_oWDY_30_39.avi
a spun off out them two looking little small plastic dirt, two men are talking .,ul9Xvjt83eI_111_120.avi
a a three into out some people women woman girl baby slid, the father and son discus with serious matter in rainy day at home,ul9Xvjt83eI_111_120.avi
a ledge ramp drags falls fell on show, a kid sliding down a poll,UnWgz-mVMXU_2_6.avi
a the this it is a another one two three hitting tv advertisement showing wooden wood cat boy man men, a man smashed the ball with 141 km speed in the baseball match .,F3pmw2ga244_59_65.avi
a hurdles sneaks dirt rode man boy girl baby and young pushed down off up some course . it skateboarding, a horse is jumping over a fence .,onW5hJXnI5s_10_16.avi
a onion this a another one nabeyaki choping, a person is slicing celery into thin slices .,ACOmKiJDkA4_47_54.avi
a who he in enjoying a one two three walked then down walk sing i woods jumps rides advertisement drags, a young man is walking down steps in a cavern .,FH8vgAp4VDU_10_14.avi
a two three the its rain across poured pouring, two men are discussing something .,ul9Xvjt83eI_111_120.avi
a bunny cute repairing fixing slice, a person is drawing a cartoon .,xOQn1z_oWDY_30_39.avi
a actress girls boys boy kid kicking enjoying playing of kisses two 2 women people indian gere wiping, a man and woman are sitting side by side and the man puts a necklace around the woman s neck .,rq2p5ML8-WI_63_69.avi
a the in part is kicking several three two one, the men are in a fight with each other .,qDjtN7xxNr4_44_51.avi
a sprinkling roasted spices lemon butcher a roast recipe this it something somebody someone, a man is adding spices to chicken pieces .,uxEhH6MPH28_69_85.avi
a peeled chopping cutting cuts some all are cleaning bhaji sharpens, someone is chopping garlic on a chopping board,kEGmZDpZ_RE_352_370.avi
a crumbs sauce dish a two, a man is shaking a container .,8MVo7fje_oE_139_144.avi
a in the cover scaled, a man is slicing a tomato .,WPG-BIWOrG4_608_613.avi
a walked walking riding, the man walked down the stairs .,FH8vgAp4VDU_10_14.avi
a riding rode the its to, horse backing races,onW5hJXnI5s_10_16.avi
a stirs in salmon, a mixture is stirred on a stove .,aC-KOYQsIvU_25_31.avi
a two fence the its, someone is riding a horse as it makes a jump .,onW5hJXnI5s_10_16.avi
a of, a man puts a necklace on a woman .,rq2p5ML8-WI_63_69.avi
a washed pouring washing vegetables potatoes tasting chef sushi chicken pan the spreading, a man is draining a container into the sink .,8MVo7fje_oE_139_144.avi
a sprinkling quails roast, a chef is seasoning chicken .,uxEhH6MPH28_69_85.avi
a wiping chest knife plastic machine powder left out into slicing draw some that one pulls slice sliced peeled eggrolls, a man holding a tomato in one hand and blades in another throws the tomato at the blades cutting the tomato in half .,WPG-BIWOrG4_608_613.avi
a railing cute two small are were men man person, a man is talking to another man .,ul9Xvjt83eI_111_120.avi
a drags through of steel by were there soda bicycle walking dancing singing doing pulling spinning, a man is walking down steps .,FH8vgAp4VDU_10_14.avi
a carton flies are very something looking nabeyaki, a person is drawing some cartoon .,xOQn1z_oWDY_30_39.avi
a the floor room gym cans cleaner do bucket aluminum using lies, a man is swinging from a chain .,O9cOSO9L8Zs_1_16.avi
a vaccum moonwalk . vacuum in for as and pushups clean, a man is swinging in a rope .,O9cOSO9L8Zs_1_16.avi
a the lifting full of its, a man swinging from a rope,O9cOSO9L8Zs_1_16.avi
a the its of forest there very bucket bar sliding walked down up to walk keyboard sword yanni, a man is walking down a dimly lit stairwell with a sunny opening at the bottom .,FH8vgAp4VDU_10_14.avi
a knocked the in set, the two boys fighting them,qDjtN7xxNr4_44_51.avi
a baby small a another an out off monkey somebody someone crying chopping injecting, a monkey playing with someone,AE9UaQwum8c_0_10.avi
a sprinkling quail chocolate, someone is putting spices on some chicken .,uxEhH6MPH28_69_85.avi
a quails roast somebody someone seasoned looking man, a person is sprinkling spices on raw chicken .,uxEhH6MPH28_69_85.avi
a quails sprinkling the, chicken is being seasoned .,uxEhH6MPH28_69_85.avi
a skateboarded clean can moonwalking threw up down out back get trying, a man is playing on the rope,O9cOSO9L8Zs_1_16.avi
a seasonings, buttermilk fried chicken,uxEhH6MPH28_69_85.avi
a in city of some bucket cans up trying empty vacuum floor room boy aluminum treadmills spinning pulling kicking playing hitting clean, the man is hanging in the rope .,O9cOSO9L8Zs_1_16.avi
a nabeyaki, a man is cutting up a scallion very fine .,ACOmKiJDkA4_47_54.avi
a a another an was he riding fence someone woman girl orangutan okapi bulldog, a men racing on horse,onW5hJXnI5s_10_16.avi
a scrambled salmon eggs egg fish are wok a the, a cook stirs a mixture .,aC-KOYQsIvU_25_31.avi
a onions chops cleans herbs vegetables raw food bird thereafter wedding greens bits some little how cake, chopping onion into pieces,ACOmKiJDkA4_47_54.avi
a quail, ingredients are added to chicken pieces in a bowl .,uxEhH6MPH28_69_85.avi
a descaling, a piece of garlic is being chopped .,kEGmZDpZ_RE_352_370.avi
a doberman butcher he was the sea crying, a child in bed is waking up .,lB1UPJ4leqs_1_6.avi
a herb onion parsley cilantro cabbage greens vegetables food cooking eating cutting cut, a lady is cutting the cauliflower using knife .,aeA-HN7BMdo_34_41.avi
a opened cardboard some little draw slice dough cutting washing cleaning food eggrolls freezer bottom floor, the person is cutting the tamato,WPG-BIWOrG4_608_613.avi
a dancing actress girl girls boys playing a another two several some many out danced walked roof ride dances jumps slides, two people are dancing .,sBjr8UJOpsQ_149_169.avi
a freestyle karate motorcycle kicks breaks broken cat fat, a baseball player makes a hit .,F3pmw2ga244_59_65.avi
a in this it half sliced slicing chopping removing some chopped powder using japanese chinese preparing prepare to remove whole cabbage pencil recpie, a woman cooking her kichen,kEGmZDpZ_RE_352_370.avi
a garbage there soda, a boy drunkenly walks down the stairs .,FH8vgAp4VDU_10_14.avi
a in bathing criss two with a sliding, two people are dancing .,sBjr8UJOpsQ_149_169.avi
a wiping peeled crept the to, a man painting,xOQn1z_oWDY_30_39.avi
a one that sliced chopped removing cleaning chopping about of is being they fish vegetable in choping, a person is cutting vegetables .,kEGmZDpZ_RE_352_370.avi
a chopping chops onions, a woman cuts up broccoli .,aeA-HN7BMdo_34_41.avi
a in through into sliding rooftop dancing walking singing actress several other all are very dances rides jumps danced criss hollywood ocean, a hero and the heroine are dancing for the song .,sBjr8UJOpsQ_149_169.avi
a orangutan hurdles fence across two other and young black are very is bulldog arena, the man on his horse jumped over the hurdle .,onW5hJXnI5s_10_16.avi
a spaghetti pizza chef dog boy girl japanese seafood, a man is draining liquid out of a plastic container .,8MVo7fje_oE_139_144.avi
a baby phone a small given that wall telephone type sort underwater, a little girl wakes up in bed .,lB1UPJ4leqs_1_6.avi
a a another one three several some people costume music dance dances tricks, boys are fighting .,qDjtN7xxNr4_44_51.avi
a seasoning some from off onto into out an another, there is a preparation of butter milk chicken,uxEhH6MPH28_69_85.avi
a lovers boys girls girl boy kid cute a woman, a man and a woman dance beside a waterfall .,sBjr8UJOpsQ_149_169.avi
a crying dancing talk get hard playing, one little girl is sleeping on bed .,lB1UPJ4leqs_1_6.avi
a rabbit somebody something it this very are flies on over slice slices, someone is drawing a picture .,xOQn1z_oWDY_30_39.avi
a tasting stove puri bhaji spreads describe starch spread, a fat man is making pasta,8MVo7fje_oE_139_144.avi
a bucket a two four, a man is walking down a flight of stairs .,FH8vgAp4VDU_10_14.avi
a looking two three them some little the cute something i he himself his, a man talks to another man .,ul9Xvjt83eI_111_120.avi
a the meowing monkey somebody something very looking talking crying ate eating fish, a lemur with outstretched arms is being scratched by a person .,AE9UaQwum8c_0_10.avi
a sprinkling seasonings seasoning quail seasoned are they two three, a chef is teaching his fried chicken recipe .,uxEhH6MPH28_69_85.avi
a sliced four two with a for this one fryer cleaning chopping somebody puri shrimps nabeyaki, a woman is chopping garlic .,kEGmZDpZ_RE_352_370.avi
a two hits cute bucket the of some about around flying monkey slides sliding slicing, two men are talking .,ul9Xvjt83eI_111_120.avi
a boxed dicing udon puri choping, a person is chopping up a green onion .,ACOmKiJDkA4_47_54.avi
a sprinkling quails quail roast chicken chip a another one, a man adds spices to chicken pieces while cooking .,uxEhH6MPH28_69_85.avi
a temaki peeling chopping vegetables vegetable bhaji ditch vangi, a women is cutting the vegetable,kEGmZDpZ_RE_352_370.avi
a in several some many people actress by boy girl girls dancing airtel treadmills, a man and a woman are dancing .,sBjr8UJOpsQ_149_169.avi
a temaki griddle broth liquid, someone is stirring something in a saucepan with what appears to be a stick .,aC-KOYQsIvU_25_31.avi
a sushi cooks eggs fish very something any an for while making into from to stove cooked onions amlate, someone is stirring a pot .,aC-KOYQsIvU_25_31.avi
a the peeled chopped removing chopping peeling hamburgers bento girls girl baby chef cooking chops, a cook cuts up some cauliflower .,kEGmZDpZ_RE_352_370.avi
a cooler lady woman knife chef, a man slices a tomato in half by throwing it against a blade .,WPG-BIWOrG4_608_613.avi
a ingrediants dipped sushi eggs egg meat seafood fried chicken a dish, a person is stirring a small pot on a stove .,aC-KOYQsIvU_25_31.avi
a nabeyaki herbs vegetables are very . , and with thin, a persong is slicing some vegetables with knife,aeA-HN7BMdo_34_41.avi
a , teenage boys get into a shoving match .,qDjtN7xxNr4_44_51.avi
a two petting bear ate eating fish men chews meowing somebody someone something very cute cubs he out off finger picking, a slow loris is being tickled .,AE9UaQwum8c_0_10.avi
a fence rode across riding two young and black white airtel orangutan course there some that an it he him his, a man is riding a horse .,onW5hJXnI5s_10_16.avi
a spooning cardboard surgeons explaining pizza machine, a man drops a tomato onto a knife , which cuts it in two .,WPG-BIWOrG4_608_613.avi
a skillet stove wok a broth, the person is dissolving the chemical in the water .,aC-KOYQsIvU_25_31.avi
a is this the of black football playing two three one another man person someone somebody karate bathing sleeping washing wooden basket kick kicks, a baseball player hits a homerun .,F3pmw2ga244_59_65.avi
a small monkey cat bear two toys girls crying ate sitting walking talking showing clip video, a person is playing with small animal,AE9UaQwum8c_0_10.avi
a nabeyaki parsley greens onions sliced knife slicing a this it, a woman is cutting up a stalk of broccoli .,aeA-HN7BMdo_34_41.avi
a as, the horse and rider are going through an obstacle course .,onW5hJXnI5s_10_16.avi
a puri pasta spreads fat are spreading spooning crust, a man is shaking a container over a sink .,8MVo7fje_oE_139_144.avi
a trashcan kicking machine girl boy kid floors cleaning lay pushups pulling vaccum pulled walked off down up, a man is trying an action hero,O9cOSO9L8Zs_1_16.avi
a this that the peeled parsley celery kittens dices potatos wedding nabeyaki, the man chopped the vegetable into fine pieces .,ACOmKiJDkA4_47_54.avi
a, two men talk to one another .,ul9Xvjt83eI_111_120.avi
a a another one sliced onions whole . fox salad seafood animal herbs some nabeyaki, a woman is chopping garlic with a large knife .,kEGmZDpZ_RE_352_370.avi
a quails spices roasted wings lemon rack seasoned very being cooked vegetables flour into a another an is this, seasonings are being mixed into a bowl of chicken pieces .,uxEhH6MPH28_69_85.avi
a has as a another one two young very it can get do bad cans misty, a man is swinging from a rope in his garage .,O9cOSO9L8Zs_1_16.avi
a the this there monkey tamil woman girl girls orangutan skateboarding, a man is walking down some stairs .,FH8vgAp4VDU_10_14.avi
a cans lifting pushing pulling playing floor floors cassidy garbage, a man is swinging on the rope .,O9cOSO9L8Zs_1_16.avi
a in held on to make it some all other two peeled monkey box kids somebody mascara climbs jumps slides hamburgers while eggrolls, a person is peeling raw shrimp .,SzEbtbNSg04_28_48.avi
a repairing chopping playing hit hits slices slicing nabeyaki, learn to draw good cartoons,xOQn1z_oWDY_30_39.avi
a pogo kicking playing play the of by is are very good like seeing kids tricks, men are fighting .,qDjtN7xxNr4_44_51.avi
a some, the man approached another man looking out the window .,ul9Xvjt83eI_111_120.avi
a nabeyaki, a lady cutting a broccoli inorder to make some meal .,aeA-HN7BMdo_34_41.avi
a roasted chicken recipe, chicken is being seasoned and stirred .,uxEhH6MPH28_69_85.avi
a ladles spooning spreading pouring slice a is very are, the man is shaking the container .,8MVo7fje_oE_139_144.avi
a hammer the three, two men are having a conversation .,ul9Xvjt83eI_111_120.avi
a part is are very two over of through into out up off keyboard, the boys fought on the grass .,qDjtN7xxNr4_44_51.avi
a nabeyaki beans parsley cucumber udon flesh, a woman is cutting broccoli .,aeA-HN7BMdo_34_41.avi
a are other some like as for an another one course dirt, a man is riding and jumping a horse .,onW5hJXnI5s_10_16.avi
a part the group, a group of boys are fighting .,qDjtN7xxNr4_44_51.avi
a stirred cooks broth wok skillet listen anyone any steak temaki, someone is stirring a liquid in a small pot with a wooden stick .,aC-KOYQsIvU_25_31.avi
a chest marching hugging dancing, the man and woman got married .,rq2p5ML8-WI_63_69.avi
a the this it any looking showing removing cleaning cooking, a man is cleaning the prawns .,SzEbtbNSg04_28_48.avi
a costumed rooftop pogo, the men are fighting and pushing each other .,qDjtN7xxNr4_44_51.avi
a parrot onion herb very two with up on show how, a woman is chopping broccoli .,aeA-HN7BMdo_34_41.avi
a cilantro herbs vegetables in dicing, broccoli is being chopped .,aeA-HN7BMdo_34_41.avi
a freestyle, a baseball player successfully hits a ball during a game .,F3pmw2ga244_59_65.avi
a airtel skillet the tasting it this very something looking trying, a person peels shrimp .,SzEbtbNSg04_28_48.avi
a, two men are having a conversation .,ul9Xvjt83eI_111_120.avi
a crust surface storage opened tomato demonstration, the man sliced a tomato .,WPG-BIWOrG4_608_613.avi
a trashcan tamil soda, a man is climbing down the stairs .,FH8vgAp4VDU_10_14.avi
a tofu sandwich pizza knife a another an it out some for used using cubes wiping crawling pulling sliding lid opens crust jerry slices, the man threw the tomatoe onto the sharp knife to slice it .,WPG-BIWOrG4_608_613.avi
a bathing two three four in for an it out men man boy kid boys girls movie colored bath, a man and woman are dancing near a waterfall .,sBjr8UJOpsQ_149_169.avi
a pulling dough cubes climbing cooking sauce opened slicing washing vegetables rolls eggrolls, a man is dropping a tomato on a knife , cutting it in half .,WPG-BIWOrG4_608_613.avi
a lemon sauce rack roast seasons very be, the person is making the chicken curry,uxEhH6MPH28_69_85.avi
a brought otter cassidy girl boy man he it backwards cleaner bucket garbage exercising kicking machine group from lay empty inside outside, a man is swing upside down on a rope .,O9cOSO9L8Zs_1_16.avi
a toaster washes pancake on show, a man is pouring water out of a plastic container .,8MVo7fje_oE_139_144.avi
a wakes belly crying girl boy man he for a large holding up out down off getting get some from telephone laying, a girl is waking up .,lB1UPJ4leqs_1_6.avi
a sauce a dish, a man is draining pasta .,8MVo7fje_oE_139_144.avi
a danced through into an a another one this it something movie boy man men girls boys kid hollywood bathing ride walk jumps dances, one couple is dancing,sBjr8UJOpsQ_149_169.avi
a have like stupid doing playing moving, a sudden accedent of a boy,UnWgz-mVMXU_2_6.avi
a actress song lovers kicking kisses blue richard this in ark shetty gere, a group of people celebrate .,rq2p5ML8-WI_63_69.avi
a quails quail spices, someone dusted the chicken with spices and stirred .,uxEhH6MPH28_69_85.avi
a pumpkin ) . chopping cutting cleaning herbs skin cat dinner salad knife slices, a woman is cutting the fresh garlic to prepare the chicken curry .,kEGmZDpZ_RE_352_370.avi
a a otter . , he him then out up off cans boy strong and like shopping floors rotating, a man is swinging .,O9cOSO9L8Zs_1_16.avi
a man person someone somebody cleaner cleaning rotating, a man is swinging on a rope .,O9cOSO9L8Zs_1_16.avi
a wok the cakes, a person is mixing gee .,aC-KOYQsIvU_25_31.avi
a peeled sliced cut to make foods food, someone chopped up a turnip .,kEGmZDpZ_RE_352_370.avi
a hurdles area the this it . he rider riding fence pushed down, a horseback rider completes an obstacle course .,onW5hJXnI5s_10_16.avi
a the of some wrench flying beach girl woman man person someone something it is can to into out off, two men are discussing something .,ul9Xvjt83eI_111_120.avi
a lay down up out an for a one two over talk talking crying delivering getting get hard under held spun, the little girl woke up from her sleep .,lB1UPJ4leqs_1_6.avi
a quails sprinkling some, a women made dish,uxEhH6MPH28_69_85.avi
a descaling, a man showing how to cook chicken .,kEGmZDpZ_RE_352_370.avi
a nabeyaki of herbs like out an for, a woman is chopping broccoli .,aeA-HN7BMdo_34_41.avi
a arts kicked kicks, a baseball player hitting ball at 141km,F3pmw2ga244_59_65.avi
a knife parsley nabeyaki, preparing something,aeA-HN7BMdo_34_41.avi
a two one a this the of and , sliding microphone keyboard, a couple are dancing .,sBjr8UJOpsQ_149_169.avi
a repairing hammer box onion the of some small large petting pencil, drawing the figure .,xOQn1z_oWDY_30_39.avi
a in a this something cute movie richard he when, a woman is wearing a wedding necklace by her husband .,rq2p5ML8-WI_63_69.avi
a in this an was being so get phone tree crying plane talk stomach puppet cat dog, a little girl is waking up .,lB1UPJ4leqs_1_6.avi
a boiled, the man shook the water from the container .,8MVo7fje_oE_139_144.avi
a opened opening the in surface cubes a slicing wiping chest cloth washing pulls off down to make made powder water food, a person throws a tomato onto a knife .,WPG-BIWOrG4_608_613.avi
a baby crying . mother someone something given two, a girl wakes up in bed .,lB1UPJ4leqs_1_6.avi
a skillet a two, the baby drawing the picture in the paper,xOQn1z_oWDY_30_39.avi
a wedding parsley attractively onions over on up food chef dog cleaning cutting cut, the green onion is chopped .,ACOmKiJDkA4_47_54.avi
a arts karate freestyle women, in video baseball match is been played and a player is hitting a ball,F3pmw2ga244_59_65.avi
a ocean dancing watching doing stunts cellphone, a man and woman are dancing near a waterfall .,sBjr8UJOpsQ_149_169.avi
a rider the this, a man riding the horse .,onW5hJXnI5s_10_16.avi
a two one a fence across rode, a woman jumps over hurdles with a horse .,onW5hJXnI5s_10_16.avi
a the wooden cage bicycle walking jumping jumps slice, a man is walking down the stairs .,FH8vgAp4VDU_10_14.avi
a cute criss sword monkey kids, two men are talking .,ul9Xvjt83eI_111_120.avi
a nabeyaki choping, a small celery stick is being sliced .,ACOmKiJDkA4_47_54.avi
a bunny small a two petting meowing cub girl girls crying sitting walking eating bear animal shopping injecting from into out like and toddler, someone is scratching a slow loris .,AE9UaQwum8c_0_10.avi
a a group the of is are traditional costumed instruments, a group of boys are fighting .,qDjtN7xxNr4_44_51.avi
a hammer phone one a slicing chopping, an individual draws lucy from peanuts .,xOQn1z_oWDY_30_39.avi
a something sliding moving out off, two men have a discussion while it rains outside .,ul9Xvjt83eI_111_120.avi
a beak carries an escalator drags pushes falls cycle rides tricks, he is jumping below , escaping from somebody ' chasing,UnWgz-mVMXU_2_6.avi
a airtel rode fence laying, someone is riding a horse .,onW5hJXnI5s_10_16.avi
a named a this, the man is drawing a cartoon .,xOQn1z_oWDY_30_39.avi
a poured pouring the of liquid mixture it is being man woman girl boy, a man doing some crazious thing by cooking an ice on a stove .,aC-KOYQsIvU_25_31.avi
a flies . , and with, a cartoonist drawing cartoons .,xOQn1z_oWDY_30_39.avi
a is very are road man who young him someone something movie monkey cute walking kicking sliding keyboard tricks, a couple are dancing near a water falls .,sBjr8UJOpsQ_149_169.avi
a bunny slowly into out like are working while on shrimp doctors vegetables food fish computer slicing nabeyaki, a man is drawing the character , lucy , from the charlie brown cartoon .,xOQn1z_oWDY_30_39.avi
a freestyle, a baseball player hits a ball at a speed of 141km .,F3pmw2ga244_59_65.avi
a is very two hits jumps, two men are talking .,ul9Xvjt83eI_111_120.avi
a parrot drags roof floor, a man slides down a flag pole .,UnWgz-mVMXU_2_6.avi
a packet another sushi cute eggrolls, a person is preparing shrimp .,SzEbtbNSg04_28_48.avi
a spun from the chinese cat martial arts freestyle jump karate boy girl baby hit little young one wooden advertisement pong, a baseball player is hitting the ball .,F3pmw2ga244_59_65.avi
a once again he being very something someone anyone named someoen, a man painting .,xOQn1z_oWDY_30_39.avi
a parsley scales cilantro, a man cooking in the kitchen and a doggy sit near him,aeA-HN7BMdo_34_41.avi
a is a two, thevar magan,ul9Xvjt83eI_111_120.avi
a in at . , he something somebody flying slid poured the, two men are speaking .,ul9Xvjt83eI_111_120.avi
a smiley monkey cat talk talked sitting lying on lays laying telephone biting swims rubbing imran spun underwater, a baby is getting on the bed,lB1UPJ4leqs_1_6.avi
a the a in, a man is walking down some stairs .,FH8vgAp4VDU_10_14.avi
a in moonwalk vaccum lay on office an pulling some lot get bucket gym pulled clean, a man is swinging on a chain .,O9cOSO9L8Zs_1_16.avi
a two three one this is , . and with while doing playing performing enjoying singing jumps drags steel s, a man is walking down the stairs .,FH8vgAp4VDU_10_14.avi
a one group another a pogo kya attire watches trashcan lifted street feet, they are fighting,qDjtN7xxNr4_44_51.avi
a there very is are and through into out film music song cat gun bottle kid cute bucket nice woods cold forest road, videos for beirut - nantes,FH8vgAp4VDU_10_14.avi
a hammer repairing a this the wrench nabeyaki, a peanuts character is drawn .,xOQn1z_oWDY_30_39.avi
a karate kick shower bathing martial freestyle, the man is playing baseball .,F3pmw2ga244_59_65.avi
a shrimps removing cutting slicing, a man is slicing vegetables .,kEGmZDpZ_RE_352_370.avi
a small tiny some parsley icing scales, a woman chopping onion leaves .,ACOmKiJDkA4_47_54.avi
a drags jumps slides climbs rides banister ledge ramp climbing bicycle bus high and through into halfpipe tennis basketball cycling, a man jumped from the roof to a flag pole .,UnWgz-mVMXU_2_6.avi
a a another an of through into in he his her anger moves off down on over for actress lady cat, a couple playing in rain,sBjr8UJOpsQ_149_169.avi
a the its of through into out up down . there soda, a man is walking down .,FH8vgAp4VDU_10_14.avi
a take to their, fighting boys video,qDjtN7xxNr4_44_51.avi
a looking cilantro herbs bird flesh slicing knife someone person man woman, a woman is cutting some vegetables .,aeA-HN7BMdo_34_41.avi
a driveway a small, a boy is falling on roof,UnWgz-mVMXU_2_6.avi
a nabeyaki cleaning herbs raw vegetables beans peeled cilantro sliced slices, celery is cut into smaller pieces .,ACOmKiJDkA4_47_54.avi
a cilantro green yellow small a slicing sliced peeled cut cutting chopping chops, cutting up some spring onions .,ACOmKiJDkA4_47_54.avi
a who he cage sidewalk a two 2 film sword bicycle monkey soda, someone is walking down some stairs .,FH8vgAp4VDU_10_14.avi
a baby woman cat little young two most one of chews at, the person is playing the cat,AE9UaQwum8c_0_10.avi
a repairing some hammer !, charles schultz talking about his caroon characters in peanuts .,xOQn1z_oWDY_30_39.avi
a the its a another one two four cold grass woods bike soda bicycle axe, a man is getting down the stairs .,FH8vgAp4VDU_10_14.avi
a quails sprinkling roast a another one person, preparing chicken,uxEhH6MPH28_69_85.avi
a sport motorcycle gave that this it when him he karate 2 wood wooden freestyle, a baseball player hit a home run .,F3pmw2ga244_59_65.avi
a trashcan bottles cleaner lifting treadmills pulled pulling trying looking puppy boy girl the floor room car someone who otter . , lifted from cat dog bag, a man performing amazing stunts with a rope,O9cOSO9L8Zs_1_16.avi
a two monkey kisses kicking kick , a man puts a necklace on a woman .,rq2p5ML8-WI_63_69.avi
a sport, a baseball player hits a baseball .,F3pmw2ga244_59_65.avi
a two four some around small large baby meowing knocked crying the monkey somebody someone he chews injecting, someone is scratching a lemur under the armpits .,AE9UaQwum8c_0_10.avi
a tofu spun sliced cilantro parsley green yellow rabbit potato vegetable small large in into out up some vegetables cooking cleaning, green onions being finally chopped,ACOmKiJDkA4_47_54.avi
a quail, a short clip on how to cook buttermilk chicken .,uxEhH6MPH28_69_85.avi
a flour food mixed, seasonings are being sprinkled on pieces of raw chicken in a bowl .,uxEhH6MPH28_69_85.avi
a an the of through from ocean, the dancers danced by the waterfall .,sBjr8UJOpsQ_149_169.avi
a petting crying baby boy cat, a lemur is holding up it s arms and someone is scratching him .,AE9UaQwum8c_0_10.avi
a hammer baby clip hits on while at there when he being looking trying to make wiping, someone is drawing a picture .,xOQn1z_oWDY_30_39.avi
a for making a one peeled onions vegetables cooked cook chef, a woman finely chops a few garlic pods using a large knife .,kEGmZDpZ_RE_352_370.avi
a two three the peeled sliced knife dog boy girl girls how telling cleaning eating fish meat skin stem eggplant onions bushes chopped slice slicing herb sandwich rack, a person cutting few items in order to make a tasty chicken curry .,kEGmZDpZ_RE_352_370.avi
a . this the of a small vegetables wiping, someone is drawing a cartoon character .,xOQn1z_oWDY_30_39.avi
a otter bottles a another an for office on over full clean, a man swings from a chain .,O9cOSO9L8Zs_1_16.avi
a bunny hammer the this is very flies like repairing chopping moved he being someone somebody closer into out up trying, a man is drawing a girl .,xOQn1z_oWDY_30_39.avi
a sprinkling lemon recipe a this, a man is cokking chicken .,uxEhH6MPH28_69_85.avi
a baby girl girls young and other so very be lays under they them back out up off on to belly her she woman someone somebody talk demo socks, the girl is wake up,lB1UPJ4leqs_1_6.avi
a sliding the in, a movie scene from a telugu movie in which two persons are negotiating with each other .,ul9Xvjt83eI_111_120.avi
a cans bottles treadmills vaccum trashcan boy girl old two four away back up down to moonwalks lay white young and pulled pulling backwards, the person is playing the thread,O9cOSO9L8Zs_1_16.avi
a repairing cleaning cutting cut cuts slow how the wiping, a person is drawing .,xOQn1z_oWDY_30_39.avi
a cute two together working, two men are talking while it s raining .,ul9Xvjt83eI_111_120.avi
a who and through dances movie dancing tricks, the man and woman are dancing .,sBjr8UJOpsQ_149_169.avi
a petting wrench flies eating vegetables kids repairing drags slicing somebody something this when it he his, an animator draws a cartoon .,xOQn1z_oWDY_30_39.avi
a cilantro herbs scales and ,, a man is cooking egg .,aeA-HN7BMdo_34_41.avi
a trashcan airtel cooler walk rounds there . , and of some soda washing cleaning boy monkey dirt, a man is walking down some stairs .,FH8vgAp4VDU_10_14.avi
a who young and moonwalking cassidy bucket vacuum, a man is swinging from a rope .,O9cOSO9L8Zs_1_16.avi
a vaccum lifting pulling machine the floor room walked he clean cleaning pushups cleaner, a man swings around .,O9cOSO9L8Zs_1_16.avi
a a this is very looking getting doing, the girl woke up from sleep .,lB1UPJ4leqs_1_6.avi
a sprinkling quails seasoned full its the of, the chicken is seasoned well .,uxEhH6MPH28_69_85.avi
a salmon . , and young, someone is mixing something in a pan .,aC-KOYQsIvU_25_31.avi
a salmon fish egg, a person is stirring a slurry .,aC-KOYQsIvU_25_31.avi
a cassidy gave a is martial sword broken wooden kicking kids words telling breaks shoots jump freestyle, a cricket batsman has hit the ball played .,F3pmw2ga244_59_65.avi
a slides girls girl boy kid roof the of an for to, actor shivaji talking with kamala haashan !,ul9Xvjt83eI_111_120.avi
a van carries cycle window roof fell slid miniature driveway kid monkey parrot boston then city, the man is jumping and sliding the pole to the ground .,UnWgz-mVMXU_2_6.avi
a stove, a man appears to be draining water off of pasta in a plastic container into a sink .,8MVo7fje_oE_139_144.avi
a roasted seasoned spices, the cook is seasoning chicken pieces .,uxEhH6MPH28_69_85.avi
a parakeet, a young man jumps off a roof and slides down a pole , but crashes onto the ground .,UnWgz-mVMXU_2_6.avi
a nabeyaki inorder lengthwise kittens, a chef chopping a spring onion,kEGmZDpZ_RE_352_370.avi
a pin a this, someone chop leek with knife .,ACOmKiJDkA4_47_54.avi
a breaks jump the this in he his her him someone woman freestyle, a baseball player hits a ball .,F3pmw2ga244_59_65.avi
a peeled sliced parsley cilantro suddenly slice slicing, someone cutting a scallion .,ACOmKiJDkA4_47_54.avi
a most young baby child and , as looking playing in held chewed off, a person rubs a small furry animal .,AE9UaQwum8c_0_10.avi
a nabeyaki, a woman is chopping some garlic .,kEGmZDpZ_RE_352_370.avi
a frying in into, the man is stirring liquid .,aC-KOYQsIvU_25_31.avi
a two four one a another, a man places a chain around a woman s neck .,rq2p5ML8-WI_63_69.avi
a temaki a this, a person is stirring a pot over an gas burner .,aC-KOYQsIvU_25_31.avi
a two grocery couple girl girls boys dirt roof the group some wrench slowly . but there i handrail looking moving taking, it is a scene of south indian tamil movie .,ul9Xvjt83eI_111_120.avi
a kicking costume pogo danced through of some several three traditional with and young men women girls kids tricks, two men are fighting outdoors with a crowd looking on .,qDjtN7xxNr4_44_51.avi
a railing halfpipe high with very are small, a man jumps off a roof onto a flagpole and slides down .,UnWgz-mVMXU_2_6.avi
a arts breaks stenography ping woman girl boy boys gave two three young being are other freestyle hugging sport karate tennis soccer, a baseball player hits a home run .,F3pmw2ga244_59_65.avi
a two plastic cute decorated wooden dirt i . , and other, two men are talking .,ul9Xvjt83eI_111_120.avi
a nabeyaki, a lady is cutting vegetable .,aeA-HN7BMdo_34_41.avi
a cassidy one two they some little young black cat kicks pushes ride broken ball hugging freestyle, a player is hitting the baseball .,F3pmw2ga244_59_65.avi
a nabeyaki, a woman chops a head of broccoli .,aeA-HN7BMdo_34_41.avi
a costumed two four several some steps moves rotating, two men are fighting .,qDjtN7xxNr4_44_51.avi
a chest, a man falling from a roof,UnWgz-mVMXU_2_6.avi
a descaling thin scales slices knocked weird being this very are fish, a man is cooking chicken .,kEGmZDpZ_RE_352_370.avi
a recpie, a chef is chopping a vegetable .,kEGmZDpZ_RE_352_370.avi
a two young man looking getting off out hard cute talk sort underwater belly from morning tree sitting lying lay, the little girl rolled over and sat up .,lB1UPJ4leqs_1_6.avi
a the rain kicks kitten gave over of some around while up to, the men are playing baseball .,F3pmw2ga244_59_65.avi
a skillet the deep scrambled, video explains about production of instant hot ice,aC-KOYQsIvU_25_31.avi
a kicking enjoying kisses kick, a girl and boy is laughing,rq2p5ML8-WI_63_69.avi
a freestyle karate sport, a man is hitting a ball at baseball match .,F3pmw2ga244_59_65.avi
a seasonings spices lemon flesh from a cured, spices are added to a bowl of chicken .,uxEhH6MPH28_69_85.avi
a a wooden motorcycle kicking, playing games,F3pmw2ga244_59_65.avi
a wok a skillet, the person is cooking,aC-KOYQsIvU_25_31.avi
a actress, going a wedding party in a movie scene,rq2p5ML8-WI_63_69.avi
a the of through forest cold there . it is very something cute kid monkey sword walking riding woods walked walks jumps, a man is walking down the stairs .,FH8vgAp4VDU_10_14.avi
a a another one of through into out back then it . there people soda microphone someone something tamil steel cute dancing singing, the man going down through steps .,FH8vgAp4VDU_10_14.avi
a two top, two men are talking .,ul9Xvjt83eI_111_120.avi
a a is are two three slides jumps kids . sliding moving slowly down off, two men are talking while it rains outside .,ul9Xvjt83eI_111_120.avi
a repairing somebody someone something flies the this, a person is drawing .,xOQn1z_oWDY_30_39.avi
a as he costume kicking some two four three one another an for ritually knocked traditional from music dance girls kids tricks, boys are fighting .,qDjtN7xxNr4_44_51.avi
a costume boys girls costumed, two men tussled with each other outside .,qDjtN7xxNr4_44_51.avi
a high and through, a man is sliding down a flagpole to reach the sidewalk .,UnWgz-mVMXU_2_6.avi
a a another one two several who as he him young colored sliding dancing walking bike keyboard movie doing stunts, a couple are dancing near a waterfall .,sBjr8UJOpsQ_149_169.avi
a part the kicking criss band, a group of people fight .,qDjtN7xxNr4_44_51.avi
a slicing slices parsley peeled greens cleaning herbs bird the is it this very are using by being man dices beans baby chef cake nabeyaki, a woman is slicing beans .,ACOmKiJDkA4_47_54.avi
a the seasonings seasoning a another one form into from, buttermilk chicken is placed on the table .,uxEhH6MPH28_69_85.avi
a and can very be is rc otter aluminum throwing exercising, a men doing action in the house,O9cOSO9L8Zs_1_16.avi
a two three one a kitten, a monkey is laughing,AE9UaQwum8c_0_10.avi
a is a two several, a man come down from stairs,FH8vgAp4VDU_10_14.avi
a peoples country for as who man woman girl boy boys dancing singing performing bathing stunts movie ran danced sliding showering, the couple danced by the waterfall .,sBjr8UJOpsQ_149_169.avi
a van kid boy stupid pulling jumping climbing ramp parakeet cycle ledge climbs pushes ladder, a man is falling from the roof .,UnWgz-mVMXU_2_6.avi
a sprinkling quail spices in the cookies recipe a another, raw chicken is being seasoned .,uxEhH6MPH28_69_85.avi
a the slicing chopping peeling sharpening, she is teaching how to make easy chicken curry .,kEGmZDpZ_RE_352_370.avi
a choping, a man is cutting tomato by throwing it on knife,WPG-BIWOrG4_608_613.avi
a movie in treadmills barbed rain sea mouth, a couple is dancing,sBjr8UJOpsQ_149_169.avi
a costumed danced costume cat knocked boys girls dancing dance stick kick off down to, a man is pushing the other man .,qDjtN7xxNr4_44_51.avi
a nabeyaki stem plant beans herbs onions sharpening, a women cutting broccoli up,aeA-HN7BMdo_34_41.avi
a sliding showering soda, two men are talking .,ul9Xvjt83eI_111_120.avi
a racipe cleaning removing chopping bhaji vegetables fish flesh prawns burgers sharpening, a man is preparing the chicken curry .,kEGmZDpZ_RE_352_370.avi
a baby girl old spun stomach back into from small lays, happy to help .,lB1UPJ4leqs_1_6.avi
a the there . but it out into through in drags walked walking soda enclosure, a man walks down stairs .,FH8vgAp4VDU_10_14.avi
a roasted uncooked quails spices seasoning seasonings cured being was a another one, a man is prepairing meat .,uxEhH6MPH28_69_85.avi
a given get cute somebody something one two lay on under an for making roaming belly imran, a girl wakes up from bed .,lB1UPJ4leqs_1_6.avi
a herbs skin cat bird, woman chopping broccoli .,aeA-HN7BMdo_34_41.avi
a  hamburger big monkey fish eye hamburgers somebody kids little very good hard sand eyeliner vaccination skewers, someone is peeling a shrimp .,SzEbtbNSg04_28_48.avi
a the floor office trashcan lifting waltham floors walmart lay bag kick vacuum, a man swings on a rope in a garage .,O9cOSO9L8Zs_1_16.avi
a driveway carries falls bird cat bike rides like are very but drags pushes rooftop orangutan really something funny sliding ball box cycling, a man jumps off a roof and slides down a flagpole .,UnWgz-mVMXU_2_6.avi
a cabbage somebody chopping removing showing demonstrating cutting cuts cookies about from into out off rolled dinner with two and , ) nabeyaki, the woman is dicing vegetables .,kEGmZDpZ_RE_352_370.avi
a sprinkling roasted quail chocolate places are all some about, seasoning is poured on chicken in a bowl .,uxEhH6MPH28_69_85.avi
a sword walk walking dancing tricks, a man facing his back is walking down a stairway of a brick building .,FH8vgAp4VDU_10_14.avi
a there but trashcan cage roof steel tamil behind, a boy is getting down form the steps,FH8vgAp4VDU_10_14.avi
a herbs scales cilantro, a man is cutting some vegetable .,aeA-HN7BMdo_34_41.avi
a trashcan a one, a guy is looking down the ground .,FH8vgAp4VDU_10_14.avi
a a slicing sliced somebody chops eggplant cooked vegetables food cooking cleaning removing chopping finger slices, a person is dicing garlic .,kEGmZDpZ_RE_352_370.avi
a cooks fish egg . , and all, a person is making the hot ice,aC-KOYQsIvU_25_31.avi
a in cans ditch moonwalk, a man is swinging on a rope .,O9cOSO9L8Zs_1_16.avi
a costumed two three several some like stick costume rc traditional, a fight has broken out,qDjtN7xxNr4_44_51.avi
a leafy a for, someone is cutting up celery .,ACOmKiJDkA4_47_54.avi
a sharpening attractively nabeyaki, a man cuts off the stalk of broccoli and makes smaller pieces broccoli .,aeA-HN7BMdo_34_41.avi
a most mother baby young little get phone what how someone an for chews meowing sharpening, a person is scratching a lemur s stomach .,AE9UaQwum8c_0_10.avi
a hammer milk the hit hits little small whale fish flies weird somebody someone knife piece drags on over, someone is drawing a picture of a cartoon character .,xOQn1z_oWDY_30_39.avi
a peeled ball eyes hair dog chicken shrimp boys girls young are very like fish eating cooking airtel fence frying, a woman is peeling shrimp .,SzEbtbNSg04_28_48.avi
a hammer machine repairing hit hits on while with working, someone is drawing .,xOQn1z_oWDY_30_39.avi
a cute, two person discussing,ul9Xvjt83eI_111_120.avi
a capsicum herbs vegetables onions cilantro coriander herb green nabeyaki, a woman is cutting food .,aeA-HN7BMdo_34_41.avi
a petting cute kid somebody someone get out like some little small in doberman vaccination meowing finger, someone is petting a monkey .,AE9UaQwum8c_0_10.avi
a deep mixture into poured pouring in the an another one someone steak cooks frying, a person stirs ingredients in a pot .,aC-KOYQsIvU_25_31.avi
a knife woman coriander capsicum, a woman is cutting broccoli into florets .,aeA-HN7BMdo_34_41.avi
a given small a another the its of is are fish so very mother she crying frying, a girl is waking up .,lB1UPJ4leqs_1_6.avi
a lemon, a man is adding spices to raw chicken in a mixing bowl .,uxEhH6MPH28_69_85.avi
a a another one there people all are but it film movie baby girl woman man he him sword monkey kid cute guys dirt, a man walks down stairs drowsily .,FH8vgAp4VDU_10_14.avi
a but, a man is talking to another man while it rains outside .,ul9Xvjt83eI_111_120.avi
a petted hit hits pencil a repairing cleaning food and young boy knife, a cartoonist drawing the popular strip , peanuts .,xOQn1z_oWDY_30_39.avi
a bucket a small, a young man , who obviously just woke up , is walking down the stairs of a rundown , graffiticovered apartment building , meeting musicians along the week .,FH8vgAp4VDU_10_14.avi
a cooks cooking food, a person mixes a small pan .,aC-KOYQsIvU_25_31.avi
a driveway halfpipe but, a man jumps off the roof and slides down a flag pole .,UnWgz-mVMXU_2_6.avi
a there but with a this, a man is climbing down the stairs,FH8vgAp4VDU_10_14.avi
a nabeyaki onion the this it wedding how bits pieces floor choping floured dough spinning, a man is slicing a long stalk of spring onion into fine pieces using a flat knife .,ACOmKiJDkA4_47_54.avi
a this, a man is placing an object around a woman s neck .,rq2p5ML8-WI_63_69.avi
a salmon fried wok cooks sushi chef someone person man one small large two deep frying pan, someone is stirring something .,aC-KOYQsIvU_25_31.avi
a soft a an, a person is tickling a slow loris .,AE9UaQwum8c_0_10.avi
a roti pasta food, a man is draining pasta water into a sink .,8MVo7fje_oE_139_144.avi
a opened a sauce cheese, a man is dropping a tomato on a knife .,WPG-BIWOrG4_608_613.avi
a icing cake attractively beans vegetables cooking bird choping, woman is dicing scallions .,ACOmKiJDkA4_47_54.avi
a pyramid bunny kicks gave walmart martial arts freestyle, a baseball player hits the ball he has been pitched .,F3pmw2ga244_59_65.avi
a in hit there one two walked walk walking dancing skating, a boy walked down the stairs .,FH8vgAp4VDU_10_14.avi
a sliding, the man and woman got married .,rq2p5ML8-WI_63_69.avi
a hammer served moved flies is very something someone woman man boy girl doctors hit hits off catching, a person is drawing a face on a paper .,xOQn1z_oWDY_30_39.avi
a, the lady massage the lemur and the lemur enjoy it,AE9UaQwum8c_0_10.avi
a a peeled removing cleaning chopping girls japanese shrimp chicken sharpening slicing breaking recpie, proceedure for chicken curry,kEGmZDpZ_RE_352_370.avi
a several knocked costume kicking boys kids costumed are stick traditional enjoying dancing dance tricks, a group of men are fighting .,qDjtN7xxNr4_44_51.avi
a skillet appears very be being two one any some little big monkey cat lady peeled airtel looked he man body, the man is peeling shrimp .,SzEbtbNSg04_28_48.avi
a slice a chef, a chef is draining pasta noodles .,8MVo7fje_oE_139_144.avi
a high climbing parrot miniature staircase cycle pushes falls bird banister edge, a man slides down a flagpole and falls off near the ground .,UnWgz-mVMXU_2_6.avi
a trashcan tiger monkey bucket a another one two men man woman girl girls soda sliding drive slice, a man is getting down a staircase .,FH8vgAp4VDU_10_14.avi
a parrot bicycle staircase stupid kid pulling climbing ramp to trying can ladder basketball tennis cycling, a man is sliding down a pole .,UnWgz-mVMXU_2_6.avi
a the movie funny dances dancing walking riding jumping doing looking enjoying playing play treadmills, a man and woman are dancing .,sBjr8UJOpsQ_149_169.avi
a spreading from plate man woman knife cut, a man shaking a container .,8MVo7fje_oE_139_144.avi
a two indian kissed ride kiss ladies girls boys boy kid cute hugs gere sat skull bar richard and young actress for this it is airtel, the man put a necklace on a lady in a ceremony .,rq2p5ML8-WI_63_69.avi
a baby girls girl boy cat panda a small some from out looking young and , rabbit like fish eating talking picking peeling licking, a bushbaby holds its arms in the air while someone scratches its tummy .,AE9UaQwum8c_0_10.avi
a descaling noodles beans boiled onions onion the slicing dicing wedding pieces machine finely peeled, a cook is dicing a green onion .,ACOmKiJDkA4_47_54.avi
a beans celery sliced finely cleans choping, a woman is cutting a long green onion .,ACOmKiJDkA4_47_54.avi
a drags cycle climbing falling from out into in after halfpipe miniature van ball kid boy baby slid bicycle rides tricks stunts, a young man jumping off a roof onto a flagpole and sliding down .,UnWgz-mVMXU_2_6.avi
a hammer box the whale shrimp fish laughing sharpening, she is drawing a picture .,xOQn1z_oWDY_30_39.avi
a two with a another into back out down off dirt girl woman person, father giving an advise to his son,ul9Xvjt83eI_111_120.avi
a quails quail roast cook sauce with two of uncooked, a guy is preparing the buttermilk fried chicken .,uxEhH6MPH28_69_85.avi
a beach gere criss, the man put a necklace on the lady during a ceremony .,rq2p5ML8-WI_63_69.avi
a trashcan lifting floor the its, a boy climb on the rope,O9cOSO9L8Zs_1_16.avi
a sprinkling roasted roast seasoned two a cured, chicken is being season .,uxEhH6MPH28_69_85.avi
a cilantro herbs herb one sliced the onion, a woman is cutting broccoli .,aeA-HN7BMdo_34_41.avi
a two several three, they playing a type of play .,qDjtN7xxNr4_44_51.avi
a ladles slice spaghetti batter plate cubes washed onto into spooning packing putting dough recpie, a man is draining the water from cooked pasta .,8MVo7fje_oE_139_144.avi
a a another an its cycling bike, a man is swinging with a rope .,O9cOSO9L8Zs_1_16.avi
a spooning spreads removes tasting dish sauce dinner cake a another griddle research of the skewering wiping, a man is shaking a container over a kitchen sink .,8MVo7fje_oE_139_144.avi
a people, a man is doing marriage,rq2p5ML8-WI_63_69.avi
a repairing the bunny, somebody is drawing .,xOQn1z_oWDY_30_39.avi
a angry stomach two with a this it . talk receiving butcher cute underwater, a young girl lying in a bed appears to wake up .,lB1UPJ4leqs_1_6.avi
a ingrediants cooks cooking stove hot eyes man boy frying, a person is mixing .,aC-KOYQsIvU_25_31.avi
a the monkey cat bear of some two small is very be get like playing, someone is playing with a lemur .,AE9UaQwum8c_0_10.avi
a costumed member, several men in a group start fighting each other .,qDjtN7xxNr4_44_51.avi
a two meowing crying playing monkey box a one another some about at he ate sharpening, a loris is raising both its arms to be scratched underneath .,AE9UaQwum8c_0_10.avi
a otter bottles with two four vacuum lifting pulling clean, a man is swinging from a chain in a garage .,O9cOSO9L8Zs_1_16.avi
a cleaned removing chopping slicing sliced four two three showing greens eggplant weird something anyone i potatos yummy, one man chopping something with knife,kEGmZDpZ_RE_352_370.avi
a drags, a man is climbing down a stair case .,FH8vgAp4VDU_10_14.avi
a sprinkling quail roast chicken meat soup someone person cured cooked seasons in into out them all, somebody is mixing some masalas into chiken .,uxEhH6MPH28_69_85.avi
a two gave the football box karate, a baseball player hits a home run .,F3pmw2ga244_59_65.avi
a garbage floor the vaccum waltham lifting doing things cleaner otter trashcan aluminum try rooftop bumper supermarket cleaning cat blue empty pushups, someone rode a rope in the garage .,O9cOSO9L8Zs_1_16.avi
a wok sushi eggs cakes cooks deep fried eggrolls, a lady is dissolving something in a bowl,aC-KOYQsIvU_25_31.avi
a jumps looked looking applying clear any there need how ate bread fence hamburgers, the lady peeled the shrimp .,SzEbtbNSg04_28_48.avi
a otter aluminum machine pulling pushing exercising playing floors floor . bottles two four cleaner, a man wearing a cowboy hat swings from a rope inside a garage .,O9cOSO9L8Zs_1_16.avi
a two one the fence man woman girl girls skating track cute hurdles, a woman is riding a horse .,onW5hJXnI5s_10_16.avi
a trashcan aluminum a another one person can do cleaner chimps floors empty inside out off device, a man is hanging a rope .,O9cOSO9L8Zs_1_16.avi
a quails roasted seasons bowl box, seasonings are being put on chicken .,uxEhH6MPH28_69_85.avi
a left up off, she is cutting long green onions into small pieces,ACOmKiJDkA4_47_54.avi
a this it . 2 wooden knocked gave freestyle, a baseball batter is waiting for his pitch , when he gets it he hits a high flyball to left field .,F3pmw2ga244_59_65.avi
a a this hits ! box counting petted slice slices, a man is drawing a cartoon character .,xOQn1z_oWDY_30_39.avi
a sat played playing play kick monkey lovers actress woman criss, the man put a necklace around a woman s neck during a ceremony .,rq2p5ML8-WI_63_69.avi
a miniature rail ledge sliding jumping falling from fell high orangutan banister halfpipe knocked pole, a man try to jump on post and fell down .,UnWgz-mVMXU_2_6.avi
a a parsley chopping herbs vegetables removing thereafter scaled nabeyaki, a lady is cutting a vegetable .,aeA-HN7BMdo_34_41.avi
a movie girls boys girl boy kid ride bike beach soccer several many of through from into out off down up treadmills bathing dances, a man and a woman are dancing near a waterfall .,sBjr8UJOpsQ_149_169.avi
a nabeyaki, a woman is cutting broccoli with a knife .,aeA-HN7BMdo_34_41.avi
a opened opening the wiping some out off up to make jerry sauce storage washing cooking, cooking with jack show demonstrates miracle blades series 3 .,WPG-BIWOrG4_608_613.avi
a is this it . there soda walked off out he him boy boys trashcan jumps jumping microphone sliding firing keyboard polar, a man walks down some stairs .,FH8vgAp4VDU_10_14.avi
a pogo costumed kicking, the men are in a fight .,qDjtN7xxNr4_44_51.avi
a in floor room aluminum lifting pulling some cleaner . there it very are like shopping car pulled walmart cans moonwalk lifted clean, a man is swinging on rope .,O9cOSO9L8Zs_1_16.avi
a drags pushing stunts driveway beak parrot cat boy kid staircase ledge ramp escalator ladder, the man jumped to a flagpole from a rooftop .,UnWgz-mVMXU_2_6.avi
a petting ate get little a is in for while sitting someone chopping licking, the lady scratched the little monkey s armpits !,AE9UaQwum8c_0_10.avi
a cubes a this, a person is chopping up a spring onion into fine pieces .,ACOmKiJDkA4_47_54.avi
a pogo costumed knocked danced through into from on ., fighting two boys in a college,qDjtN7xxNr4_44_51.avi
a there very is it something movie trashcan jumps soda pulling up out back then through path, a man is walking down some stairs .,FH8vgAp4VDU_10_14.avi
a a baby girls boys beach dirt, one person talking to another person,ul9Xvjt83eI_111_120.avi
a  skillet with over up put some little monkey eye fingers surgeons eggs fence frying, a person is peeling shrimp .,SzEbtbNSg04_28_48.avi
a in traditional a another one two several some little tricks, people are fighting .,qDjtN7xxNr4_44_51.avi
a costumed costume a one two four several some many are were played playing doing performing, a group of men fight .,qDjtN7xxNr4_44_51.avi
a a aluminum cans skateboard lifting off floor garbage cassidy house bottles cleaner shopping up out moonwalk boy kid otter trashcan, a man doing some funny stunts,O9cOSO9L8Zs_1_16.avi
a trashcan wiping soda stunts, a man is walking down stairs .,FH8vgAp4VDU_10_14.avi
a a little some parsley then she leaves omurice nabeyaki, a man is slicing some long green onions .,ACOmKiJDkA4_47_54.avi
a knife slicing weird flesh skin cat boy kid monkey rabbit pencil finger bento udon skewer wire sliced chopped chops peeling cabbage descaling nabeyaki temaki, a food is chopped up .,kEGmZDpZ_RE_352_370.avi
a cabbage cleaning cutting removing some about . it something somebody someone skin yellow red monkey descaling, a man is slicing some mushroom .,kEGmZDpZ_RE_352_370.avi
a the a two, two people are dancing in front of a waterfall .,sBjr8UJOpsQ_149_169.avi
a is an for over with small large spun into out down cut phone talk belly wall doll tree monkey lays, a little girl is sleeping in bed and then wakes up .,lB1UPJ4leqs_1_6.avi
a spooning slice slicing pasta hammers stove kitchen pizza packaging tomato the chinese large two spreads, a man is draining a dish of food .,8MVo7fje_oE_139_144.avi
a shetty actress woman girls the in stage musical shilpa criss monkey motorcycle angel song kiss dance boys band, people enjoying the marriage,rq2p5ML8-WI_63_69.avi
a in this one another an rider rode his him someone something course at, a person is riding a horse .,onW5hJXnI5s_10_16.avi
a costume pogo traditional, fighting scene from a movie,qDjtN7xxNr4_44_51.avi
a two wooden motorcycle karate, the baseball player has just hit a homerun .,F3pmw2ga244_59_65.avi
a salmon eggs egg chinese dipped ladled beaten boy girl stirs seafood food eating, someone stirred the liguid in the pan .,aC-KOYQsIvU_25_31.avi
a kicking jumping dancing arts and young two they . this football players are while from fat, playing in pace ball,F3pmw2ga244_59_65.avi
a cardboard plastic machine a an, a man cooking his kichen,WPG-BIWOrG4_608_613.avi
a sprinkling cured being cooked recipe a another, a person is seasoning chicken .,uxEhH6MPH28_69_85.avi
a sprinkling, seasoning is being poured on meat in a bowl .,uxEhH6MPH28_69_85.avi
a skillet cooks chef dish a another one two three deep sliced dipped scrambled fried fish eating doing talking playing played he temaki ghayal, someone is stirring water .,aC-KOYQsIvU_25_31.avi
a a another salmon . it, someone is stirring a pot .,aC-KOYQsIvU_25_31.avi
a there but soda tamil man men young walked walk bike shoot slice microphone, the man is going down .,FH8vgAp4VDU_10_14.avi
a rode rifle bicycle, a man riding a horse jumps several hurdles .,onW5hJXnI5s_10_16.avi
a a kissed sat sitting woman actress is very this in shetty, someone is putting a necklace on a girl .,rq2p5ML8-WI_63_69.avi
a quails the its to, prepration of buttermilk fried chicken,uxEhH6MPH28_69_85.avi
a trashcan soda down street walked walk walking riding dirt forest around some people can one another an its s tamil city, a man walks down the stairs .,FH8vgAp4VDU_10_14.avi
a in out into from through slides cute banister sliding moving playing, two men are talking .,ul9Xvjt83eI_111_120.avi
a cardboard eggrolls wiping, a man slices a tomato by dropping the tomato onto a stationary knife blade .,WPG-BIWOrG4_608_613.avi
a someoen flies . , it when hits up into through of the repairing, a person is drawing cartoons .,xOQn1z_oWDY_30_39.avi
a a two three dances jumps ride keyboard bike, a man and woman are dancing .,sBjr8UJOpsQ_149_169.avi
a nabeyaki, a woman is chopping broccoli .,aeA-HN7BMdo_34_41.avi
a trashcan bottles some several floor lay, a guy hanging with rope .,O9cOSO9L8Zs_1_16.avi
a two small a another an out put something ball mascara sticks boy baby fish eating cooking kitchen cleaning makeup, a man cooking his kichen,SzEbtbNSg04_28_48.avi
a actress kicking playing for to trying movie monkey indian women ladies lady gere criss slides, a man put a necklace on a woman .,rq2p5ML8-WI_63_69.avi
a otter many some several in was he room someone walking cans machine bottles spinning teasing exercising, a man is swinging on a rope .,O9cOSO9L8Zs_1_16.avi
a the crust, a man is draining pasta .,8MVo7fje_oE_139_144.avi
a spices quails lemon, chicken in a bowl is being mixed with spices and milk .,uxEhH6MPH28_69_85.avi
a seasoned seasonings flesh chicken quail about all are very is this, a person seasons chicken in a bowl .,uxEhH6MPH28_69_85.avi
a halfpipe have driveway beak a another the pushes jumps ladder, a man slides down a flag pole and hits the ground hard,UnWgz-mVMXU_2_6.avi
a trashcan a bottle, a man is stairing down the steps .,FH8vgAp4VDU_10_14.avi
a sprinkling spices cooked chocolate lemon pieces dough onto into, chicken is being seasoned .,uxEhH6MPH28_69_85.avi
a two three four young peeled boy girl girls baby milk food water mouth eye plastic sand ball back when packaging sushi tea salad hamburger pan, a person is peeling shrimp .,SzEbtbNSg04_28_48.avi
a ledge parrot cat boy bicycle, a man jumps from a roof to a flagpole .,UnWgz-mVMXU_2_6.avi
a two three a small very any some fence, a person is preparing,SzEbtbNSg04_28_48.avi
a quails lemon seasoning seasonings spices cooked meat chicken cat cookie box a another an for, buttermilk fried chicken,uxEhH6MPH28_69_85.avi
a a another one two some vacuum bucket lifting vaccum aluminum its, a man hanging on a chain and revolving here and there .,O9cOSO9L8Zs_1_16.avi
a flies . , and as, someone is drawing a cartoon of lucy van pelt .,xOQn1z_oWDY_30_39.avi
a being by the panda monkey kid somebody something looking for an petting playing, the boy is playing the dog,AE9UaQwum8c_0_10.avi
a descaling slice a green spinning cilantro wedding chef parrot coriander choping, a person is dicing scallions .,ACOmKiJDkA4_47_54.avi
a two kisses blue a in, a man puts a necklace on a woman .,rq2p5ML8-WI_63_69.avi
a swims under the its an given one this is belly anger getting, a woman starts getting out of bed .,lB1UPJ4leqs_1_6.avi
a nabeyaki knife parsley scales herbs onions herb green onion the its an another, a person cuts up a stalk of broccoli .,aeA-HN7BMdo_34_41.avi
a descaling uncooked nabeyaki, the women is cooking with dogs,aeA-HN7BMdo_34_41.avi
a there it in into through out off walked walk skateboard, a man is walking down stairs .,FH8vgAp4VDU_10_14.avi
a opened a one, a person is cutting the tommoto,WPG-BIWOrG4_608_613.avi
a two, a man and a woman is dancing in the water .,sBjr8UJOpsQ_149_169.avi
a parsley sliced knife a cilantro, a woman chops broccoli .,aeA-HN7BMdo_34_41.avi
a there trashcan the its, a man stepping down slowly .,FH8vgAp4VDU_10_14.avi
a spooning eggplant seasoning, a man is emptying a plastic container .,8MVo7fje_oE_139_144.avi
a hamburgers, a man is taking the shells off of some shrimp .,SzEbtbNSg04_28_48.avi
a kittens two bucket clean, a person is swinging on a rope in a garage .,O9cOSO9L8Zs_1_16.avi
a lifting pulling floor empty a is very vaccum cans lay garbage skateboarding, a person is hanging on a rope .,O9cOSO9L8Zs_1_16.avi
a draw out box, a man drops a tomatoe on a knife and it cuts in half .,WPG-BIWOrG4_608_613.avi
a sprinkling quail chicken shrimp fish flesh black man cookie . added, someone is throwing a variety of spices on some raw chicken and mixing it up .,uxEhH6MPH28_69_85.avi
a chest opened in out into water open surface climbing rolling wooden heated bathroom, a man drops a tomato over a knife held in his right hand which gets cuts into two pieces .,WPG-BIWOrG4_608_613.avi
a spooning pasta sauce bread toaster spreading bhaji slice dough dinner pizza, a man is adding something to a bowl .,8MVo7fje_oE_139_144.avi
a bucket cans boy lifting pushing clean pulled backwards playing is an up off away stunts bad device someone something can that one four many young who he office paw strong vacuum martial, a man is hanging on a rope,O9cOSO9L8Zs_1_16.avi
a appears very it little small skillet . there some young two looked out up getting putting doing eating in held pan, a person is peeling shrimps .,SzEbtbNSg04_28_48.avi
a peeled hits hit a wrench, a person is drawing a cartoon character on a paper .,xOQn1z_oWDY_30_39.avi
a in indian, super acting hero and heroin,rq2p5ML8-WI_63_69.avi
a ladles temaki grill, the person is stirring a liquid on top of the stove .,aC-KOYQsIvU_25_31.avi
a sprinkling a one that, a cook is cooking chicken,uxEhH6MPH28_69_85.avi
a nabeyaki, a woman is cutting broccoli .,aeA-HN7BMdo_34_41.avi
a parrot boy man clouds pushed, a man is falling off a roof .,UnWgz-mVMXU_2_6.avi
a noodles boiled out them parsley onion the dices cilantro cucumber bits metal cubes attractively wedding she someone something beans vegetables cheese scales slices omurice, someone is cutting a leek into small pieces .,ACOmKiJDkA4_47_54.avi
a drags jumps climbing jumping falling down up with while, the man slid down the flag pole .,UnWgz-mVMXU_2_6.avi
a sprinkling quail chip a two, someone put spices on the chicken .,uxEhH6MPH28_69_85.avi
a peeled once he his him, an artist is sketching the face of a cartoon woman on paper with her mouth wide open .,xOQn1z_oWDY_30_39.avi
a two walked walking walk a another this it . but cold black tiger looking trying, a man is walking down the stairs .,FH8vgAp4VDU_10_14.avi
a demonstration a another one, a woman is cutting broccoli .,aeA-HN7BMdo_34_41.avi
a hugging kicking enjoying playing play played plays, a man is woman is getting married .,rq2p5ML8-WI_63_69.avi
a baby talk get gets stomach crying chunks, a girl is sitting up .,lB1UPJ4leqs_1_6.avi
a cooks, a person stirs a mixture in a pot .,aC-KOYQsIvU_25_31.avi
a the in a cute girls zoo walk i he when into through across were ., father cajol s son to stay in village along with him , but son wants to go abroad and gets married to his lover .,ul9Xvjt83eI_111_120.avi
a two kisses kicking sand indian the this, two people are getting married .,rq2p5ML8-WI_63_69.avi
a cleaning skin the flesh slices sliced slicing bento lunch ate sharpens chops, jemeela shows how to make chicken curry the right way .,kEGmZDpZ_RE_352_370.avi
a two with while by from, a group of men are fighting .,qDjtN7xxNr4_44_51.avi
a the removing chopping, a person is chopping garlic cloves .,kEGmZDpZ_RE_352_370.avi
a deep salmon eggs skillet wok temaki omlet amlate, someone is stiring a sauce in a pan and then placing a jar in the refrigerator .,aC-KOYQsIvU_25_31.avi
a a one very bucket playing woods trashcan cage through then back out off, a man walks down stairs .,FH8vgAp4VDU_10_14.avi
a is a one drags, a person walks down a flight of stairs .,FH8vgAp4VDU_10_14.avi
a costumed knocked traditional, men are fighting .,qDjtN7xxNr4_44_51.avi
a spun slowly crying girls baby talk somebody lays belly back out up some several and , of wall from laying, the girl woke up .,lB1UPJ4leqs_1_6.avi
a two several many are were men women girls boys dancing ride walk down tricks, a man and a woman are dancing in the rain in the open in a song sequence against the backdrop of a waterfall .,sBjr8UJOpsQ_149_169.avi
a trashcan soda dirt bottle car film movie monkey jumping shooting watching looking cute tricks, a man is walking down some stairs .,FH8vgAp4VDU_10_14.avi
a miniature a another someone something, a man is jumping off a roof .,UnWgz-mVMXU_2_6.avi
a there can to walk walked walks jumps sword through into from city of and steel airtel wiping, a person walking downstairs,FH8vgAp4VDU_10_14.avi
a two three four the a, an old man advising his son .,ul9Xvjt83eI_111_120.avi
a the office to up clean can device aluminum rotating, one fat man hanging with the help of rope in air,O9cOSO9L8Zs_1_16.avi
a icing it parsley girl woman man dog sushi chillies, a man is chopping up some leeks .,ACOmKiJDkA4_47_54.avi
a sprinkling the lemon monkey, several pieces of chicken are being tossed in a bowl after being sprinkled with herbs and spices .,uxEhH6MPH28_69_85.avi
a lifting pushing machine video a one two hops cleaner away out up back get otter, a guy is swinging on a rope .,O9cOSO9L8Zs_1_16.avi
a holds holding a two four baby girl woman someone dog, a boy play with the animal,AE9UaQwum8c_0_10.avi
a soda little there about of in enjoying cute looking riding walking walk keyboard cage woods him someone something, a man slowly walks down a staircase in a brick building .,FH8vgAp4VDU_10_14.avi
a breaks jumps kicks freestyle men people black wooden motorcycle dog kicking getting vacuum arts, peoples are playing baseball .,F3pmw2ga244_59_65.avi
a wedding herbs vegetables cooking teaching, the cook is slicing green onions .,ACOmKiJDkA4_47_54.avi
a driveway, a man is jumping off a roof , catching hold of a pole and sliding to the ground .,UnWgz-mVMXU_2_6.avi
a cute slice a another one person someone something roof standing open plastic in to, the men are having a conversation .,ul9Xvjt83eI_111_120.avi
a sliced cut cutting chopping sharpening, someone cut up an edible root .,kEGmZDpZ_RE_352_370.avi
a as he man boy girl movie is road forest of group two several small are many other and who people them get down off tricks, two people are dancing .,sBjr8UJOpsQ_149_169.avi
a film the its, a man is walking down stairs .,FH8vgAp4VDU_10_14.avi
a cassidy freestyle karate gave the 2 other players of, a pitcher pitches in a base ball game and the hitter hits a home run .,F3pmw2ga244_59_65.avi
a gere tv on people are 2 kicking hugging, someone is putting a necklace on a girl .,rq2p5ML8-WI_63_69.avi
a a sliced peeled chopped onions flesh how cook fish shrimps sharpens dices potatos nabeyaki, a person dices a vegetable .,kEGmZDpZ_RE_352_370.avi
a a one two three several some people rain road dancing singing girls dances sliding microphone, the women is playing in the rain,sBjr8UJOpsQ_149_169.avi
a lay talk otter, a girl is laying in her bed .,lB1UPJ4leqs_1_6.avi
a quails sprinkling quail, a man sprinkles salt and various spices on pieces of chicken placed in a bowl and tosses them gently .,uxEhH6MPH28_69_85.avi
a clear put up some little a something, a person coking .,SzEbtbNSg04_28_48.avi
